,ID,innings,total_run,Venue,batter1,batter2,batter3,batter4,batter5,bowler1,bowler2,bowler3,bowler4
0,1312200,1,61,26,125,17,146,89,84,141,250,10,141
1,1312200,2,26,26,102,164,183,49,26,11,89,11,141
2,1312199,1,53,26,96,92,106,89,84,31,205,114,141
3,1312199,2,63,26,57,64,124,89,84,84,155,173,141
4,1312198,1,40,12,140,169,169,68,84,64,34,155,141
5,1312198,2,55,12,41,159,149,89,84,123,219,236,141
6,1312197,1,47,12,65,147,47,110,88,141,250,105,141
7,1312197,2,40,12,118,113,96,89,84,4,215,69,141
8,1304116,1,39,47,6,167,187,2,84,11,89,11,141
9,1304116,2,26,47,150,17,146,118,30,213,195,230,141
10,1304115,1,54,47,57,64,83,89,84,123,219,236,141
11,1304115,2,53,47,69,169,92,129,35,31,205,114,141
12,1304114,1,25,4,6,167,187,2,84,64,157,173,141
13,1304114,2,48,4,41,159,149,89,84,213,195,173,141
14,1304113,1,53,47,96,92,106,121,84,183,5,69,141
15,1304113,2,52,47,65,147,147,123,84,84,155,173,141
16,1304112,1,58,8,6,162,174,2,84,123,219,273,141
17,1304112,2,73,8,64,44,193,89,84,213,195,191,141
18,1304111,1,60,47,57,52,83,89,84,183,5,69,141
19,1304111,2,39,47,65,147,147,27,84,31,92,264,189
20,1304110,1,57,8,118,113,96,49,84,187,227,160,141
21,1304110,2,45,8,42,80,193,129,84,141,250,206,141
22,1304109,1,61,4,125,17,146,150,30,84,155,182,141
23,1304109,2,45,4,96,92,124,89,84,11,89,11,141
24,1304108,1,27,47,65,147,16,110,105,160,67,228,211
25,1304108,2,60,47,6,162,124,89,84,4,215,69,206
26,1304107,1,45,25,41,159,149,136,84,31,92,226,227
27,1304107,2,55,25,57,137,83,33,84,64,157,155,141
28,1304106,1,36,4,96,92,106,89,84,60,250,184,141
29,1304106,2,45,4,17,164,96,89,84,84,155,173,141
30,1304105,1,40,47,20,133,146,25,30,183,5,55,62
31,1304105,2,38,47,11,147,109,110,28,10,89,12,141
32,1304104,1,58,8,41,159,149,89,84,60,250,184,141
33,1304104,2,55,8,94,76,188,49,89,64,157,267,141
34,1304103,1,50,25,6,162,62,89,84,173,92,264,141
35,1304103,2,41,25,126,123,124,89,84,160,67,249,190
36,1304102,1,45,8,42,131,97,89,84,11,89,11,222
37,1304102,2,51,8,137,133,6,18,84,187,227,236,141
38,1304101,1,47,8,96,139,152,89,84,64,157,267,152
39,1304101,2,64,8,41,159,124,89,84,113,155,97,141
40,1304100,1,41,47,6,49,124,89,84,2,74,105,141
41,1304100,2,43,47,52,164,121,89,84,213,195,228,60
42,1304099,1,49,25,126,64,83,89,84,73,11,12,141
43,1304099,2,31,25,87,133,27,25,64,173,92,173,141
44,1304098,1,50,47,154,147,124,89,84,64,157,267,141
45,1304098,2,37,47,41,159,149,4,84,183,5,60,141
46,1304097,1,38,4,96,130,163,121,100,197,219,160,196
47,1304097,2,44,4,42,131,124,89,84,113,155,173,141
48,1304096,1,26,4,149,25,73,146,89,173,92,77,141
49,1304096,2,52,4,126,64,145,89,84,60,250,184,91
50,1304095,1,34,25,96,126,163,121,100,56,195,230,141
51,1304095,2,50,25,6,49,155,89,84,113,155,97,141
52,1304094,1,48,8,42,131,193,129,84,183,5,69,141
53,1304094,2,34,8,154,147,124,89,84,197,150,236,141
54,1304093,1,50,47,41,159,7,113,84,127,97,173,141
55,1304093,2,62,47,122,139,124,89,84,64,157,267,152
56,1304092,1,41,25,0,19,156,29,84,60,250,184,165
57,1304092,2,35,25,48,128,119,101,84,11,89,259,193
58,1304091,1,50,47,6,49,124,89,84,197,219,160,141
59,1304091,2,50,47,42,169,124,89,84,56,195,230,154
60,1304090,1,36,8,85,140,121,89,84,183,5,55,141
61,1304090,2,39,8,134,143,124,89,84,2,74,184,165
62,1304089,1,53,4,122,136,163,112,84,173,92,264,141
63,1304089,2,35,4,126,64,80,108,84,127,97,173,141
64,1304088,1,43,25,137,133,2,89,84,213,69,230,172
65,1304088,2,55,25,6,49,43,117,95,11,89,259,141
66,1304087,1,47,47,41,159,124,89,84,13,219,160,141
67,1304087,2,21,47,153,44,97,129,84,64,144,188,141
68,1304086,1,50,47,48,158,121,101,26,173,92,190,141
69,1304086,2,42,47,126,64,124,89,84,60,250,184,141
70,1304085,1,35,25,137,0,124,89,84,64,176,267,141
71,1304085,2,37,25,41,159,7,78,125,196,89,12,141
72,1304084,1,28,47,122,139,158,112,84,183,5,60,141
73,1304084,2,78,47,134,143,124,89,84,127,97,173,141
74,1304083,1,51,47,126,64,124,89,84,123,219,194,141
75,1304083,2,38,47,69,102,195,129,84,76,205,114,141
76,1304082,1,48,4,41,159,149,89,84,56,195,189,141
77,1304082,2,71,4,6,150,62,89,84,64,157,155,141
78,1304081,1,27,8,137,0,156,29,81,183,5,60,141
79,1304081,2,68,8,134,143,147,32,84,196,89,11,141
80,1304080,1,68,47,41,159,124,89,84,173,92,264,141
81,1304080,2,73,47,126,64,196,63,32,64,176,2,225
82,1304079,1,51,8,42,131,124,89,84,218,172,105,141
83,1304079,2,23,8,48,158,121,49,26,197,150,173,141
84,1304078,1,57,4,134,143,47,89,84,56,67,271,172
85,1304078,2,32,4,6,150,141,152,63,4,60,55,175
86,1304077,1,35,8,137,99,156,25,84,113,155,173,141
87,1304077,2,43,8,96,139,124,89,84,196,89,12,13
88,1304076,1,41,4,52,15,164,89,84,64,176,267,141
89,1304076,2,71,4,41,159,124,89,84,60,250,184,91
90,1304075,1,32,25,137,99,156,89,84,197,150,244,141
91,1304075,2,42,25,42,131,176,129,84,11,89,11,222
92,1304074,1,43,8,126,64,94,89,84,183,5,266,141
93,1304074,2,68,8,134,143,51,89,84,173,92,264,141
94,1304073,1,23,47,52,140,183,101,84,113,155,173,141
95,1304073,2,44,47,96,139,124,89,84,60,172,1,91
96,1304072,1,42,4,6,49,124,89,84,173,239,216,141
97,1304072,2,74,4,126,67,124,89,84,160,69,271,192
98,1304071,1,60,4,134,143,124,89,84,64,34,155,229
99,1304071,2,56,4,41,159,149,78,84,183,5,5,62
100,1304070,1,67,8,42,131,124,89,84,113,155,97,141
101,1304070,2,65,8,96,139,158,89,84,197,247,160,157
102,1304069,1,46,25,17,164,183,89,84,56,195,230,211
103,1304069,2,33,25,6,162,62,104,84,60,250,184,141
104,1304068,1,47,8,126,64,83,89,84,207,89,40,141
105,1304068,2,51,8,137,133,42,29,84,76,205,216,141
106,1304067,1,29,8,134,143,124,89,84,197,219,194,234
107,1304067,2,36,8,64,131,193,129,84,183,5,55,141
108,1304066,1,26,47,6,49,155,152,84,113,155,173,141
109,1304066,2,44,47,96,139,158,89,84,160,69,249,141
110,1304065,1,58,4,42,131,124,89,84,64,157,267,141
111,1304065,2,28,4,41,159,149,78,124,197,219,160,141
112,1304064,1,35,25,126,64,83,155,33,112,137,165,141
113,1304064,2,35,25,96,130,158,89,84,76,205,216,227
114,1304063,1,42,8,96,130,158,89,84,197,219,160,234
115,1304063,2,41,8,91,131,92,89,84,113,155,173,141
116,1304062,1,40,4,134,143,149,89,84,127,229,0,141
117,1304062,2,40,4,96,136,111,0,84,181,250,60,141
118,1304061,1,29,8,50,76,89,110,89,13,126,160,141
119,1304061,2,14,8,42,131,125,139,84,141,74,206,141
120,1304060,1,67,25,113,65,124,89,84,55,21,188,229
121,1304060,2,58,25,41,159,124,89,84,76,246,265,227
122,1304059,1,21,47,20,24,156,18,0,62,195,84,141
123,1304059,2,37,47,6,49,187,104,84,11,89,173,141
124,1304058,1,68,8,96,92,124,89,84,141,74,105,165
125,1304058,2,46,8,94,59,147,65,84,127,129,97,141
126,1304057,1,46,4,113,65,66,89,84,73,12,154,141
127,1304057,2,60,4,20,24,27,89,84,76,246,265,141
128,1304056,1,62,25,6,49,187,89,84,141,74,105,141
129,1304056,2,31,25,50,59,147,59,84,62,195,84,141
130,1304055,1,59,8,41,1,184,141,84,107,155,97,1
131,1304055,2,61,8,96,92,158,89,84,55,5,22,152
132,1304054,1,54,47,42,108,142,153,84,73,30,11,141
133,1304054,2,38,47,27,17,95,89,84,216,15,173,141
134,1304053,1,49,4,50,125,73,59,89,161,92,272,141
135,1304053,2,44,4,113,65,124,89,84,141,180,105,165
136,1304052,1,55,8,6,49,124,89,84,181,250,60,71
137,1304052,2,50,8,134,143,76,89,84,62,195,84,141
138,1304051,1,45,25,52,71,147,65,84,55,5,188,141
139,1304051,2,43,25,41,159,178,4,84,154,180,105,141
140,1304050,1,38,47,113,67,196,89,84,104,15,160,234
141,1304050,2,32,47,123,44,142,153,7,162,92,272,227
142,1304049,1,62,8,96,136,111,89,84,62,195,68,232
143,1304049,2,69,8,6,49,187,89,84,107,155,97,122
144,1304048,1,61,4,134,143,124,89,84,73,12,231,141
145,1304048,2,47,4,20,24,27,118,84,218,212,60,71
146,1304047,1,42,47,41,159,7,141,84,13,126,160,141
147,1304047,2,33,47,109,44,153,94,84,55,5,188,141
148,1254117,1,45,10,20,19,32,118,84,101,191,194,148
149,1254117,2,46,10,52,140,124,89,84,73,11,148,46
150,1254116,1,26,40,113,65,83,155,84,218,212,83,55
151,1254116,2,23,40,134,129,168,51,28,76,240,216,233
152,1254115,1,37,40,6,49,4,104,84,55,5,188,141
153,1254115,2,41,40,41,159,7,141,84,62,195,252,141
154,1254114,1,40,10,96,92,158,112,84,13,247,173,141
155,1254114,2,38,10,109,44,153,102,84,174,97,101,141
156,1254113,1,40,40,134,143,65,8,84,73,12,144,120
157,1254113,2,26,40,27,133,27,81,84,218,79,83,198
158,1254112,1,38,40,50,112,164,49,84,76,240,272,141
159,1254112,2,35,40,155,65,124,89,84,141,103,99,141
160,1254111,1,39,10,45,3,4,89,84,216,150,207,199
161,1254111,2,30,10,42,131,93,91,93,62,195,68,141
162,1254110,1,53,10,71,92,158,89,84,55,5,188,141
163,1254110,2,49,10,41,29,7,141,84,81,206,173,141
164,1254109,1,28,10,20,24,27,89,84,162,92,272,228
165,1254109,2,51,10,120,67,160,33,84,73,12,47,13
166,1254108,1,25,10,134,143,16,51,28,141,103,58,141
167,1254108,2,51,10,52,164,147,89,84,218,60,238,21
168,1254107,1,53,40,71,92,124,89,84,157,195,68,169
169,1254107,2,52,40,6,162,62,104,34,81,206,139,141
170,1254106,1,57,40,93,44,124,89,84,162,92,226,233
171,1254106,2,29,40,120,65,83,122,32,6,214,273,196
172,1254105,1,54,10,81,17,124,89,84,55,5,2,152
173,1254105,2,57,10,41,29,124,89,84,73,12,154,43
174,1254104,1,37,10,6,49,177,104,84,181,72,83,55
175,1254104,2,41,10,134,143,76,98,84,157,195,84,61
176,1254103,1,29,10,52,164,147,101,128,6,136,160,114
177,1254103,2,31,10,42,103,93,89,84,141,103,58,141
178,1254102,1,57,10,117,136,111,89,84,76,205,272,227
179,1254102,2,53,10,120,65,160,89,84,81,206,165,122
180,1254101,1,30,10,65,62,134,128,84,55,5,188,141
181,1254101,2,36,10,41,29,124,89,84,181,72,173,141
182,1254100,1,52,10,6,49,177,89,84,31,92,226,141
183,1254100,2,45,10,120,137,83,155,84,157,195,252,169
184,1254099,1,34,48,42,103,153,89,84,81,206,139,87
185,1254099,2,37,48,71,92,158,89,84,216,7,236,199
186,1254098,1,46,48,134,143,16,89,84,86,188,3,141
187,1254098,2,39,48,52,158,147,65,84,58,212,60,141
188,1254097,1,37,48,20,19,156,81,135,4,68,188,141
189,1254097,2,47,48,41,29,124,89,84,73,143,11,205
190,1254096,1,42,48,141,3,141,89,84,111,150,273,196
191,1254096,2,30,48,42,131,93,91,84,160,242,8,141
192,1254095,1,38,48,20,133,17,29,84,154,103,173,141
193,1254095,2,46,48,50,59,124,89,84,73,40,11,17
194,1254094,1,51,10,120,137,66,53,136,181,72,60,141
195,1254094,2,42,10,134,31,16,128,84,31,92,226,153
196,1254093,1,56,40,41,29,178,89,84,160,242,8,214
197,1254093,2,50,40,141,3,141,26,84,4,68,188,141
198,1254092,1,52,40,71,92,158,83,84,2,188,184,91
199,1254092,2,33,40,115,59,137,65,128,81,206,139,141
200,1254091,1,42,40,109,44,124,89,84,58,212,60,95
201,1254091,2,26,40,30,170,16,128,116,216,150,236,197
202,1254090,1,38,40,41,159,178,4,84,31,92,190,189
203,1254090,2,37,40,120,137,94,155,52,4,176,155,141
204,1254089,1,49,48,134,31,76,89,84,81,206,173,141
205,1254089,2,35,48,96,136,111,112,84,181,72,60,141
206,1254088,1,31,48,20,133,27,89,84,157,195,8,141
207,1254088,2,50,48,6,49,124,89,84,73,156,148,43
208,1254087,1,39,48,120,137,94,155,52,157,195,8,141
209,1254087,2,46,48,6,49,177,2,84,31,92,226,174
210,1254086,1,35,26,41,159,7,141,84,123,7,236,141
211,1254086,2,24,26,109,44,126,46,84,4,68,22,126
212,1254085,1,54,1,96,46,124,89,84,11,30,11,120
213,1254085,2,56,1,20,133,27,89,84,81,206,150,141
214,1254084,1,37,1,41,159,98,4,84,141,103,35,141
215,1254084,2,27,1,115,59,137,89,84,4,21,155,141
216,1254083,1,46,26,93,119,153,90,44,35,53,12,13
217,1254083,2,29,26,20,133,194,18,30,123,7,173,141
218,1254082,1,50,26,43,105,158,89,84,31,92,216,189
219,1254082,2,29,26,120,137,94,89,84,127,229,150,159
220,1254081,1,30,1,134,62,168,85,84,55,21,188,141
221,1254081,2,60,1,41,29,184,89,84,181,72,208,141
222,1254080,1,33,1,52,90,140,89,84,157,195,8,141
223,1254080,2,64,1,6,49,124,89,84,2,103,184,168
224,1254079,1,49,26,41,29,184,141,84,157,195,191,141
225,1254079,2,84,26,6,49,4,89,84,55,5,188,218
226,1254078,1,52,26,96,92,124,89,84,141,103,206,2
227,1254078,2,59,26,52,90,140,101,84,81,155,229,141
228,1254077,1,31,23,6,154,62,2,84,2,172,105,165
229,1254077,2,36,23,52,90,140,89,84,157,195,8,141
230,1254076,1,38,47,80,133,31,18,86,213,195,117,141
231,1254076,2,62,47,6,162,124,89,84,44,89,144,120
232,1254075,1,69,47,134,143,18,89,84,13,221,135,9
233,1254075,2,39,47,42,103,5,89,84,218,184,238,19
234,1254074,1,44,23,113,96,83,155,84,55,144,188,141
235,1254074,2,39,23,41,159,178,4,84,76,205,173,141
236,1254073,1,24,47,52,140,109,146,84,44,89,17,120
237,1254073,2,61,47,21,91,124,89,84,141,103,71,2
238,1254072,1,57,47,6,162,62,2,84,81,206,150,159
239,1254072,2,34,47,71,92,158,112,46,213,192,215,154
240,1254071,1,47,23,123,44,126,153,84,119,68,2,141
241,1254071,2,60,23,41,159,178,4,84,13,221,160,141
242,1254070,1,50,23,113,96,124,89,84,141,74,105,141
243,1254070,2,61,23,79,59,124,89,84,76,205,272,141
244,1254069,1,31,47,71,92,158,89,84,178,89,17,117
245,1254069,2,45,47,21,133,110,150,86,81,155,139,141
246,1254068,1,67,47,134,143,18,89,84,55,144,188,185
247,1254068,2,56,47,142,159,7,89,84,218,212,60,101
248,1254067,1,31,23,93,88,50,89,84,141,74,206,91
249,1254067,2,59,23,79,59,124,89,84,123,136,237,141
250,1254066,1,52,23,29,159,178,89,84,81,182,118,112
251,1254066,2,56,23,96,92,148,89,84,55,236,188,160
252,1254065,1,56,47,6,162,62,2,84,76,205,234,153
253,1254065,2,27,47,113,96,83,155,32,213,195,8,141
254,1254064,1,56,47,78,42,126,3,84,11,89,233,17
255,1254064,2,38,47,80,19,31,89,84,216,221,160,196
256,1254063,1,45,23,134,143,18,131,84,141,74,105,165
257,1254063,2,55,23,79,59,124,89,84,218,212,60,101
258,1254062,1,47,23,74,3,62,2,84,3,68,270,185
259,1254062,2,48,23,29,159,7,89,84,213,195,191,169
260,1254061,1,38,47,113,52,83,89,84,81,155,196,112
261,1254061,2,42,47,96,92,124,89,84,76,196,234,82
262,1254060,1,41,23,27,133,124,89,84,181,250,198,55
263,1254060,2,57,23,119,143,124,89,84,178,89,47,141
264,1254059,1,38,47,79,59,137,89,84,81,206,139,141
265,1254059,2,29,47,96,92,59,89,84,141,74,1,91
266,1254058,1,53,23,78,103,56,89,84,76,205,234,141
267,1254058,2,76,23,113,67,116,89,84,123,221,237,141
268,1237181,1,51,10,96,92,158,112,84,151,250,83,55
269,1237181,2,63,10,119,143,124,89,84,81,129,118,141
270,1237180,1,55,41,6,162,62,2,84,171,10,236,208
271,1237180,2,54,41,78,103,124,89,84,213,195,212,162
272,1237178,1,50,41,27,133,120,78,84,31,92,234,228
273,1237178,2,42,41,113,96,196,53,84,178,12,47,13
274,1237177,1,64,10,29,159,7,54,84,141,74,105,165
275,1237177,2,46,10,79,59,124,89,84,55,236,188,141
276,1216547,1,58,10,78,103,56,89,84,81,229,150,141
277,1216547,2,58,10,71,92,158,89,84,216,204,246,141
278,1216546,1,52,10,119,143,44,89,84,97,112,191,172
279,1216546,2,50,10,6,49,105,2,84,70,184,276,198
280,1216545,1,62,41,29,159,57,54,87,40,53,86,57
281,1216545,2,36,41,27,133,120,78,30,55,13,2,141
282,1216544,1,48,10,113,135,116,33,84,151,250,238,71
283,1216544,2,45,10,119,143,82,89,84,31,211,89,228
284,1216543,1,52,10,79,59,147,89,84,199,155,97,141
285,1216543,2,56,10,71,92,124,89,84,141,74,1,91
286,1216542,1,52,10,29,159,57,95,59,216,204,15,208
287,1216542,2,39,10,78,103,56,3,6,119,13,2,221
288,1216541,1,46,41,125,24,31,89,84,97,112,8,72
289,1216541,2,59,41,45,3,105,89,84,117,210,11,120
290,1216540,1,41,40,126,96,83,89,84,141,188,71,91
291,1216540,2,51,40,79,59,89,89,84,31,205,234,153
292,1216539,1,66,10,71,92,158,89,84,216,204,246,204
293,1216539,2,62,10,78,103,124,89,84,81,59,227,141
294,1216538,1,53,40,119,143,124,89,84,156,193,8,97
295,1216538,2,40,40,45,3,187,2,84,70,212,276,55
296,1216537,1,53,41,125,24,124,89,84,76,196,234,82
297,1216537,2,69,41,83,36,83,89,84,178,100,148,46
298,1216536,1,54,10,29,159,57,95,84,2,188,3,91
299,1216536,2,38,10,52,25,89,89,84,119,3,66,141
300,1216535,1,48,10,78,103,169,38,84,157,71,215,72
301,1216535,2,52,10,148,3,141,2,84,216,219,24,121
302,1216534,1,42,10,71,92,158,89,84,151,85,238,141
303,1216534,2,46,10,119,143,124,89,84,174,59,196,141
304,1216533,1,52,41,83,36,83,89,84,21,219,273,141
305,1216533,2,70,41,78,103,124,89,84,173,196,95,153
306,1216532,1,50,41,125,24,124,89,84,119,66,188,3
307,1216532,2,44,41,29,43,184,89,84,11,11,17,40
308,1216531,1,46,40,79,59,137,89,84,157,86,215,135
309,1216531,2,32,40,6,84,177,89,84,141,2,71,91
310,1216530,1,51,10,119,143,19,89,84,31,92,138,153
311,1216530,2,56,10,2,36,83,89,84,151,250,238,71
312,1216529,1,55,41,71,92,158,89,84,157,195,212,72
313,1216529,2,37,41,74,3,177,104,84,150,59,229,141
314,1216528,1,61,10,125,24,26,89,84,141,74,105,141
315,1216528,2,48,10,121,59,137,89,84,11,89,11,141
316,1216527,1,45,40,29,159,57,95,53,162,92,138,153
317,1216527,2,39,40,34,52,124,89,84,4,144,2,160
318,1216526,1,47,41,134,143,19,131,49,216,219,24,12
319,1216526,2,34,41,78,103,56,129,3,218,72,238,141
320,1216525,1,35,10,45,3,177,104,70,60,188,105,141
321,1216525,2,38,10,79,113,73,89,84,157,195,8,154
322,1216524,1,44,10,23,143,171,89,84,4,176,2,15
323,1216524,2,69,10,29,159,57,89,84,218,56,83,55
324,1216523,1,22,41,125,24,26,29,75,150,59,173,141
325,1216523,2,67,41,71,92,158,89,84,40,12,11,141
326,1216522,1,30,10,78,103,11,129,3,2,74,206,157
327,1216522,2,59,10,79,59,89,110,84,187,126,236,16
328,1216521,1,39,40,71,92,117,121,71,55,5,258,141
329,1216521,2,33,40,146,29,178,39,53,150,59,173,141
330,1216520,1,43,40,34,135,83,89,84,157,195,164,141
331,1216520,2,45,40,6,84,177,89,84,211,92,234,82
332,1216519,1,34,10,103,143,124,89,84,60,188,194,91
333,1216519,2,34,10,79,59,89,101,84,218,56,198,141
334,1216518,1,46,10,132,103,124,89,84,178,12,148,86
335,1216518,2,42,10,125,17,32,21,84,216,219,135,141
336,1216517,1,49,10,34,135,83,89,84,174,59,97,159
337,1216517,2,49,10,71,92,158,112,84,162,92,264,141
338,1216516,1,38,10,6,84,177,104,84,55,5,258,3
339,1216516,2,39,10,29,159,178,39,68,213,154,84,8
340,1216515,1,42,40,12,129,171,51,84,178,12,100,193
341,1216515,2,44,40,125,17,124,89,84,16,56,198,55
342,1216514,1,54,41,119,143,15,12,84,141,74,206,141
343,1216514,2,44,41,52,113,89,89,84,218,56,238,141
344,1216513,1,39,10,71,92,148,121,78,7,193,215,141
345,1216513,2,23,10,6,49,177,104,84,150,59,173,141
346,1216512,1,27,41,6,11,105,104,2,2,172,71,141
347,1216512,2,33,41,52,113,124,89,84,157,8,191,141
348,1216511,1,40,41,71,92,124,89,84,70,212,276,52
349,1216511,2,33,41,119,143,15,89,84,150,59,97,141
350,1216510,1,45,10,116,81,158,89,84,77,247,139,91
351,1216510,2,52,10,83,59,124,89,84,81,231,196,188
352,1216509,1,44,40,119,53,83,14,84,84,7,92,196
353,1216509,2,31,40,8,113,69,89,84,147,74,86,63
354,1216508,1,61,41,20,162,124,89,84,218,68,66,218
355,1216508,2,48,41,73,155,183,4,84,160,205,207,165
356,1216507,1,38,10,29,159,181,6,85,70,212,20,131
357,1216507,2,31,10,32,143,19,89,84,11,136,89,221
358,1216506,1,36,41,6,135,132,54,13,12,209,268,120
359,1216506,2,44,41,42,79,72,89,84,141,166,198,153
360,1216505,1,46,41,52,96,124,89,84,60,89,70,141
361,1216505,2,30,41,119,53,23,53,84,77,129,273,86
362,1216504,1,30,10,29,159,12,145,84,191,7,92,196
363,1216504,2,57,10,8,113,69,89,84,11,136,89,168
364,1216503,1,24,41,73,158,178,4,84,181,150,123,19
365,1216503,2,40,41,32,143,19,89,84,218,66,67,4
366,1216502,1,31,40,116,136,148,70,84,141,193,198,141
367,1216502,2,65,40,98,3,124,89,84,150,231,97,141
368,1216501,1,37,41,20,105,187,33,22,12,209,268,141
369,1216501,2,44,41,50,44,98,89,84,160,205,150,165
370,1216500,1,41,40,120,129,83,89,84,218,105,219,59
371,1216500,2,28,40,73,155,197,146,4,60,89,165,141
372,1216499,1,31,41,8,113,14,89,84,31,129,105,212
373,1216499,2,62,41,83,59,57,89,84,19,7,244,142
374,1216498,1,44,10,32,143,124,89,84,160,188,175,141
375,1216498,2,50,10,20,36,124,89,84,181,150,20,101
376,1216497,1,45,41,76,81,124,89,84,218,66,107,218
377,1216497,2,33,41,73,155,20,146,4,81,231,196,141
378,1216496,1,48,40,120,129,83,89,84,141,193,198,141
379,1216496,2,62,40,6,108,124,89,84,60,89,165,141
380,1216495,1,63,40,50,44,98,89,84,215,12,89,221
381,1216495,2,67,40,29,159,124,89,84,12,209,268,141
382,1216494,1,36,41,132,5,56,11,84,31,224,139,78
383,1216494,2,26,41,52,43,116,89,84,191,219,237,141
384,1216493,1,42,10,76,81,158,89,84,160,188,175,141
385,1216493,2,49,10,20,36,129,89,84,81,59,196,216
386,1216492,1,43,41,120,129,83,89,84,11,92,149,141
387,1216492,2,38,41,29,159,126,6,132,60,73,84,141
388,1181768,1,33,34,50,152,98,110,136,16,212,23,131
389,1181768,2,32,34,51,143,19,89,84,12,209,148,230
390,1181767,1,45,9,20,36,124,89,84,31,129,91,212
391,1181767,2,37,9,83,59,57,78,84,160,188,207,141
392,1181766,1,77,9,6,108,157,89,84,180,221,237,204
393,1181766,2,45,9,123,113,169,132,84,141,193,38,141
394,1181764,1,40,21,104,143,19,104,84,81,59,118,141
395,1181764,2,44,21,76,81,158,112,84,123,212,23,71
396,1178431,1,50,46,52,18,57,89,84,218,198,94,218
397,1178431,2,57,46,142,24,124,89,84,216,129,100,212
398,1178430,1,70,31,29,159,124,89,84,141,193,234,141
399,1178430,2,46,31,6,108,157,89,84,111,92,173,141
400,1178429,1,57,20,32,143,124,89,84,3,74,191,74
401,1178429,2,41,20,120,129,83,22,84,123,85,23,198
402,1178428,1,32,0,34,162,129,18,84,6,219,92,141
403,1178428,2,38,0,132,113,124,89,84,160,188,150,141
404,1178427,1,45,31,71,85,124,89,84,137,102,14,120
405,1178427,2,40,31,50,84,109,110,136,81,59,196,141
406,1178426,1,42,46,29,159,78,89,84,218,198,173,141
407,1178426,2,65,46,27,155,183,89,84,11,92,149,141
408,1178425,1,37,21,50,84,98,77,136,100,59,254,141
409,1178425,2,28,21,76,81,148,89,84,12,102,148,135
410,1178424,1,20,20,120,129,23,53,84,160,205,206,141
411,1178424,2,29,20,20,105,49,109,21,60,89,173,141
412,1178423,1,42,34,52,140,57,89,84,76,136,258,141
413,1178423,2,41,34,29,159,78,89,84,31,129,100,78
414,1178422,1,31,11,32,143,19,104,84,19,7,244,141
415,1178422,2,18,11,132,113,69,89,84,181,150,20,141
416,1178421,1,57,0,27,155,124,89,84,12,102,135,141
417,1178421,2,42,0,50,152,109,89,84,218,198,3,141
418,1178420,1,34,38,29,103,192,147,84,160,205,173,141
419,1178420,2,37,38,20,78,49,93,20,76,136,258,141
420,1178419,1,40,21,6,108,157,89,84,31,129,91,234
421,1178419,2,45,21,52,40,57,78,84,141,38,62,170
422,1178418,1,49,11,50,90,147,89,84,78,20,244,7
423,1178418,2,34,11,132,113,69,89,84,110,14,202,89
424,1178417,1,34,20,71,85,158,89,84,91,73,86,154
425,1178417,2,64,20,120,129,124,89,84,81,59,196,188
426,1178416,1,35,21,32,143,19,89,84,33,172,45,141
427,1178416,2,24,21,98,3,157,89,84,70,212,23,131
428,1178415,1,42,38,29,159,126,151,84,160,205,186,141
429,1178415,2,67,38,70,17,129,89,84,76,136,258,141
430,1178414,1,41,20,37,59,57,89,84,59,74,86,141
431,1178414,2,41,20,120,129,83,22,84,31,129,91,141
432,1178413,1,47,34,132,113,124,89,84,81,59,196,141
433,1178413,2,43,34,76,81,158,89,84,136,94,244,196
434,1178412,1,49,0,5,143,19,89,84,12,209,103,141
435,1178412,2,31,0,50,44,109,3,84,70,150,69,198
436,1178411,1,35,38,20,78,129,33,84,31,100,91,141
437,1178411,2,43,38,52,40,124,89,84,160,205,206,149
438,1178410,1,43,11,119,30,83,89,84,111,92,22,141
439,1178410,2,29,11,9,103,184,152,84,60,89,70,141
440,1178409,1,48,0,27,155,183,89,84,141,193,198,141
441,1178409,2,38,0,6,108,15,119,55,218,198,47,141
442,1178408,1,15,34,76,81,158,112,84,31,93,273,141
443,1178408,2,33,34,37,59,57,89,84,81,182,59,141
444,1178407,1,50,31,5,143,19,89,84,111,92,11,141
445,1178407,2,23,31,146,29,29,91,132,70,212,160,62
446,1178406,1,49,46,70,17,129,89,84,218,198,47,59
447,1178406,2,79,46,27,155,183,89,84,160,196,186,165
448,1178405,1,34,34,6,108,157,89,84,30,209,268,162
449,1178405,2,40,34,50,90,147,89,84,141,193,234,38
450,1178404,1,55,11,76,81,124,89,84,19,7,244,79
451,1178404,2,48,11,132,113,16,89,84,81,59,60,159
452,1178403,1,50,31,119,30,124,89,84,30,209,268,162
453,1178403,2,52,31,50,90,124,89,84,60,89,191,95
454,1178402,1,39,46,98,3,157,89,84,70,212,160,141
455,1178402,2,33,46,5,143,141,2,15,141,38,45,170
456,1178401,1,43,11,132,113,124,89,84,218,198,53,141
457,1178401,2,66,11,27,155,124,89,84,187,94,194,196
458,1178400,1,42,38,76,81,158,89,84,76,13,263,13
459,1178400,2,52,38,93,29,29,89,84,81,59,196,141
460,1178399,1,62,46,20,36,124,89,84,157,38,45,194
461,1178399,2,49,46,6,108,157,54,84,160,205,173,141
462,1178398,1,33,21,52,40,57,78,133,218,53,219,141
463,1178398,2,65,21,27,74,183,4,84,31,100,105,141
464,1178397,1,32,31,78,67,151,89,84,181,150,83,62
465,1178397,2,26,31,131,2,19,104,2,91,89,191,141
466,1178396,1,43,38,98,3,157,89,84,76,136,263,22
467,1178396,2,42,38,93,29,124,89,84,141,193,234,141
468,1178395,1,32,20,40,113,16,129,12,160,205,173,141
469,1178395,2,87,20,20,36,129,18,84,191,101,174,11
470,1178394,1,39,34,50,90,156,110,84,91,74,86,63
471,1178394,2,57,34,120,129,124,89,84,30,241,202,135
472,1178393,1,30,21,98,3,157,89,84,88,53,47,179
473,1178393,2,34,21,27,146,183,4,84,141,193,234,141
474,1175372,1,41,20,76,81,158,89,84,160,205,150,141
475,1175372,2,40,20,96,17,191,89,84,150,59,229,141
476,1175371,1,29,0,50,90,35,118,84,31,247,91,91
477,1175371,2,44,0,41,140,110,89,84,12,241,202,36
478,1175370,1,26,46,141,143,19,104,84,8,219,173,141
479,1175370,2,52,46,132,113,124,89,84,123,85,238,62
480,1175369,1,58,38,119,30,124,89,84,141,193,38,141
481,1175369,2,45,38,98,3,157,54,84,91,74,29,154
482,1175368,1,23,31,76,81,158,112,130,218,198,66,141
483,1175368,2,44,31,4,158,32,89,84,150,59,173,141
484,1175367,1,46,21,52,140,57,78,84,20,212,83,176
485,1175367,2,54,21,141,143,65,89,84,31,93,250,112
486,1175366,1,44,34,73,24,183,89,84,81,59,196,141
487,1175366,2,25,34,76,81,148,121,84,218,198,3,141
488,1175365,1,25,0,41,59,164,78,134,58,150,83,198
489,1175365,2,62,0,5,143,124,89,84,31,93,273,212
490,1175364,1,68,31,73,24,124,89,84,20,85,238,131
491,1175364,2,52,31,5,143,65,104,84,218,198,47,4
492,1175363,1,56,34,76,81,124,89,84,218,198,47,81
493,1175363,2,47,34,73,24,183,4,84,150,97,59,141
494,1175362,1,42,20,39,81,158,27,84,181,22,83,90
495,1175362,2,53,20,107,143,124,89,84,81,59,196,166
496,1175361,1,46,11,20,59,57,78,133,76,191,149,221
497,1175361,2,48,11,9,159,124,89,84,31,141,91,91
498,1175360,1,30,0,79,165,156,110,24,181,85,160,154
499,1175360,2,27,0,107,118,19,48,53,110,12,162,230
500,1175359,1,57,38,102,7,124,89,84,141,109,190,141
501,1175359,2,45,38,6,108,157,8,84,180,94,7,105
502,1175358,1,46,46,3,23,183,89,84,76,58,149,221
503,1175358,2,46,46,9,159,126,89,84,218,188,13,141
504,1175357,1,44,11,71,136,55,112,84,26,74,165,63
505,1175357,2,45,11,31,129,129,89,84,150,97,59,141
506,1175356,1,37,21,102,7,164,89,84,31,103,243,78
507,1175356,2,27,21,52,17,57,25,74,8,7,128,141
508,1136620,1,38,46,50,133,113,110,84,141,109,16,141
509,1136620,2,19,46,6,108,120,8,84,11,152,4,162
510,1136619,1,45,11,96,129,23,34,84,70,150,238,154
511,1136619,2,29,11,141,116,141,12,84,26,74,70,141
512,1136618,1,60,11,52,43,124,89,84,218,188,82,122
513,1136618,2,20,11,26,24,183,4,115,31,103,139,141
514,1136617,1,41,46,39,136,148,89,84,76,236,149,141
515,1136617,2,50,46,93,159,89,89,84,81,59,196,141
516,1136616,1,54,24,107,154,141,89,84,8,7,128,141
517,1136616,2,44,24,102,7,164,92,84,181,150,104,154
518,1136615,1,56,0,73,24,183,89,84,150,59,97,141
519,1136615,2,52,0,71,41,124,89,84,54,250,206,173
520,1136614,1,29,34,50,133,113,110,8,141,171,16,141
521,1136614,2,38,34,98,135,8,89,84,11,5,162,17
522,1136613,1,45,38,102,7,124,89,84,107,103,243,141
523,1136613,2,36,38,52,43,116,89,84,78,7,9,141
524,1136612,1,50,0,58,129,129,89,84,76,124,149,13
525,1136612,2,34,0,93,159,89,33,65,208,74,70,141
526,1136611,1,43,20,39,81,124,89,84,110,12,4,162
527,1136611,2,56,20,115,58,156,89,84,100,97,196,55
528,1136610,1,26,46,6,98,157,29,84,216,103,243,141
529,1136610,2,48,46,52,43,116,78,84,141,38,16,141
530,1136609,1,43,11,102,7,124,89,84,218,198,206,141
531,1136609,2,54,11,73,24,183,89,84,78,180,7,141
532,1136608,1,23,16,107,33,141,12,84,76,203,149,141
533,1136608,2,41,16,93,159,89,89,84,123,195,52,141
534,1136607,1,57,46,58,129,124,89,84,149,7,92,141
535,1136607,2,62,46,102,7,14,89,84,26,74,70,29
536,1136606,1,58,24,115,58,124,89,84,218,232,206,70
537,1136606,2,42,24,142,24,102,89,84,11,5,36,133
538,1136605,1,45,0,6,108,157,84,84,31,103,243,141
539,1136605,2,53,0,20,43,116,89,84,141,15,84,153
540,1136604,1,33,16,31,129,83,22,84,14,92,149,226
541,1136604,2,64,16,146,29,126,89,84,166,233,165,0
542,1136603,1,42,38,39,127,124,89,84,110,5,36,133
543,1136603,2,53,38,115,58,156,77,84,48,123,196,141
544,1136602,1,41,0,89,108,157,29,84,218,188,82,141
545,1136602,2,36,0,73,24,183,131,4,141,171,173,141
546,1136601,1,41,11,102,7,127,89,84,100,59,60,159
547,1136601,2,45,11,117,41,124,89,84,19,220,7,105
548,1136600,1,52,38,115,58,156,89,84,76,203,149,221
549,1136600,2,49,38,34,159,89,89,84,12,5,148,17
550,1136599,1,39,34,51,143,124,89,84,141,38,183,35
551,1136599,2,48,34,89,98,124,89,84,123,195,191,101
552,1136598,1,39,16,58,129,129,89,84,216,36,243,112
553,1136598,2,42,16,20,43,116,89,84,60,29,261,141
554,1136597,1,37,46,145,155,102,89,84,0,180,128,141
555,1136597,2,48,46,102,7,124,89,84,218,188,66,141
556,1136596,1,28,34,50,133,109,110,84,76,136,258,141
557,1136596,2,61,34,34,159,89,89,84,12,5,143,141
558,1136595,1,44,24,89,98,157,89,84,158,195,52,131
559,1136595,2,40,24,51,143,124,89,84,141,38,183,141
560,1136594,1,50,16,96,129,36,89,84,4,14,162,36
561,1136594,2,44,16,79,58,156,110,84,26,108,165,82
562,1136593,1,54,11,34,159,124,89,84,181,195,204,141
563,1136593,2,49,11,5,118,168,54,15,76,203,149,221
564,1136592,1,43,0,86,135,124,89,84,100,97,196,191
565,1136592,2,48,0,39,127,158,89,84,141,38,45,147
566,1136591,1,46,20,20,43,124,89,84,218,66,130,165
567,1136591,2,35,20,142,24,183,4,115,216,36,243,91
568,1136590,1,42,24,34,159,89,65,84,8,180,7,105
569,1136590,2,40,24,102,7,124,89,84,76,203,149,221
570,1136589,1,38,20,96,129,67,89,84,70,195,160,198
571,1136589,2,31,20,107,118,168,54,84,60,237,70,141
572,1136588,1,43,38,39,85,158,27,84,77,36,273,202
573,1136588,2,37,38,41,17,73,89,84,177,97,196,141
574,1136587,1,33,24,96,25,149,53,84,125,241,4,36
575,1136587,2,48,24,79,133,107,89,84,26,108,261,64
576,1136586,1,56,0,102,7,124,89,84,76,236,149,187
577,1136586,2,61,0,34,71,184,89,84,8,180,244,7
578,1136585,1,33,34,73,158,32,89,84,141,193,183,141
579,1136585,2,53,34,86,135,123,89,84,218,188,13,141
580,1136584,1,42,20,51,143,124,89,84,110,12,268,36
581,1136584,2,37,20,115,58,107,89,84,181,150,83,141
582,1136583,1,56,46,39,81,158,89,84,26,74,261,63
583,1136583,2,47,46,96,129,36,89,84,36,97,60,159
584,1136582,1,68,0,41,17,124,89,84,110,12,36,230
585,1136582,2,45,0,115,86,109,127,84,77,141,173,141
586,1136581,1,64,38,102,7,169,89,84,141,193,183,141
587,1136581,2,33,38,126,98,123,29,84,8,219,246,79
588,1136580,1,52,34,71,41,124,89,84,158,195,160,198
589,1136580,2,46,34,51,143,141,89,84,36,97,196,141
590,1136579,1,46,20,31,129,124,89,84,218,4,186,141
591,1136579,2,46,20,142,24,124,89,84,166,74,261,29
592,1136578,1,50,11,29,159,49,65,84,31,176,105,202
593,1136578,2,60,11,20,43,124,89,84,76,203,149,221
594,1136577,1,35,24,125,86,147,89,84,8,221,244,79
595,1136577,2,49,24,102,7,169,89,84,212,35,148,5
596,1136576,1,51,31,86,135,124,89,84,9,237,95,181
597,1136576,2,40,31,31,129,129,22,84,162,172,190,147
598,1136575,1,25,38,51,143,141,54,84,218,188,82,141
599,1136575,2,35,38,142,24,124,89,84,181,195,173,141
600,1136574,1,28,46,102,7,169,132,84,81,44,173,141
601,1136574,2,36,46,76,81,158,89,84,187,180,246,141
602,1136573,1,66,11,27,155,124,89,84,95,14,36,141
603,1136573,2,50,11,74,90,107,110,14,218,188,82,108
604,1136572,1,49,31,45,143,141,89,84,194,36,243,141
605,1136572,2,32,31,83,43,73,78,84,123,178,238,141
606,1136571,1,27,20,29,159,126,33,131,36,97,173,141
607,1136571,2,45,20,76,81,124,89,84,111,236,263,141
608,1136570,1,45,11,102,7,169,89,84,110,5,36,162
609,1136570,2,33,11,125,58,147,9,25,0,219,246,141
610,1136569,1,47,46,119,105,124,89,84,141,62,213,147
611,1136569,2,44,46,89,98,157,13,84,60,233,70,12
612,1136568,1,40,20,27,155,183,131,84,123,195,238,141
613,1136568,2,32,20,45,143,141,54,15,218,188,82,141
614,1136567,1,50,34,41,17,124,89,84,177,44,196,141
615,1136567,2,51,34,76,81,124,89,84,115,129,243,91
616,1136566,1,47,38,86,135,123,29,84,76,245,149,226
617,1136566,2,37,38,29,159,192,33,66,141,33,183,141
618,1136565,1,32,21,41,17,73,78,84,123,195,238,141
619,1136565,2,26,21,45,143,124,89,84,107,224,243,78
620,1136564,1,25,34,71,85,158,83,84,141,193,34,141
621,1136564,2,43,34,6,98,124,89,84,36,97,196,141
622,1136563,1,42,11,27,155,183,89,84,76,236,263,18
623,1136563,2,51,11,144,29,192,33,84,202,250,206,70
624,1136562,1,41,31,102,7,169,89,84,91,74,165,224
625,1136562,2,58,31,97,129,124,89,84,0,219,246,79
626,1136561,1,20,46,6,98,132,29,103,111,236,173,141
627,1136561,2,44,46,144,29,124,89,84,141,193,183,141
628,1082650,1,27,35,20,43,73,89,84,4,18,268,36
629,1082650,2,40,35,115,58,107,89,84,107,224,91,202
630,1082649,1,23,19,119,106,83,22,49,218,188,186,122
631,1082649,2,40,19,27,155,183,131,84,60,155,173,141
632,1082648,1,31,19,102,7,169,132,84,160,72,238,141
633,1082648,2,44,19,131,38,124,89,84,0,219,246,65
634,1082647,1,48,46,20,43,124,89,84,76,236,149,226
635,1082647,2,49,46,29,159,49,91,84,107,224,105,202
636,1082646,1,30,13,71,85,158,112,84,70,72,215,198
637,1082646,2,54,13,131,38,141,89,84,177,44,196,141
638,1082645,1,52,24,71,85,124,89,84,198,236,18,226
639,1082645,2,46,24,34,29,184,65,84,36,97,173,141
640,1082644,1,54,11,76,81,124,89,84,31,224,243,141
641,1082644,2,56,11,83,43,73,89,84,36,97,196,141
642,1082643,1,45,14,144,36,41,74,84,31,103,139,202
643,1082643,2,46,14,83,43,73,89,84,76,5,258,141
644,1082642,1,31,13,27,155,183,72,84,120,150,106,87
645,1082642,2,38,13,114,143,124,89,84,83,73,206,122
646,1082641,1,38,46,97,105,83,89,84,125,35,12,141
647,1082641,2,27,46,115,90,124,89,84,60,89,175,141
648,1082640,1,45,14,75,7,137,89,84,76,5,258,18
649,1082640,2,39,14,29,156,49,89,84,165,205,173,141
650,1082639,1,41,32,114,143,84,104,84,55,25,173,141
651,1082639,2,36,32,76,81,158,27,84,120,150,83,141
652,1082638,1,24,35,115,90,177,80,84,141,193,34,147
653,1082638,2,56,35,6,98,101,89,84,30,12,17,141
654,1082637,1,40,32,27,155,183,56,84,60,76,86,30
655,1082637,2,37,32,97,105,36,40,84,83,143,148,141
656,1082636,1,35,19,132,7,137,89,84,31,159,243,141
657,1082636,2,40,19,83,43,73,78,84,173,221,204,105
658,1082635,1,38,13,114,143,84,104,84,76,5,149,221
659,1082635,2,46,13,144,36,41,74,84,70,212,156,141
660,1082634,1,43,35,86,3,101,29,84,55,25,48,141
661,1082634,2,38,35,71,85,124,89,84,141,193,34,147
662,1082633,1,44,19,83,43,73,89,84,118,195,100,122
663,1082633,2,43,19,27,83,183,89,84,151,103,243,141
664,1082632,1,44,13,75,113,16,89,84,30,12,17,162
665,1082632,2,64,13,115,6,96,89,84,71,205,111,105
666,1082631,1,29,11,29,36,184,46,69,60,89,175,29
667,1082631,2,38,11,97,105,83,89,84,76,201,149,221
668,1082630,1,48,13,114,143,124,89,84,17,35,12,162
669,1082630,2,40,13,9,76,147,140,138,120,178,83,198
670,1082629,1,33,24,27,83,183,89,84,55,50,161,141
671,1082629,2,31,24,76,81,158,112,84,152,195,206,63
672,1082628,1,48,46,83,43,124,89,84,60,76,86,143
673,1082628,2,39,46,96,25,124,89,84,107,216,243,141
674,1082627,1,34,35,86,3,101,29,39,0,205,128,141
675,1082627,2,48,35,132,7,137,89,84,141,193,183,141
676,1082626,1,48,32,115,6,124,89,84,55,189,196,141
677,1082626,2,38,32,116,136,100,112,84,30,12,164,141
678,1082625,1,35,37,6,98,101,89,84,107,103,241,202
679,1082625,2,45,37,83,59,57,36,84,141,33,165,141
680,1082624,1,43,24,29,159,104,89,84,152,195,100,165
681,1082624,2,48,24,27,70,7,146,84,4,136,89,141
682,1082623,1,25,32,96,110,36,40,19,30,12,17,141
683,1082623,2,41,32,115,6,167,140,84,73,74,175,141
684,1082622,1,58,11,132,7,124,89,84,120,212,197,154
685,1082622,2,26,11,131,124,84,104,84,0,9,111,141
686,1082621,1,39,19,76,81,158,89,84,170,92,149,221
687,1082621,2,32,19,29,159,104,33,60,81,151,48,141
688,1082620,1,36,24,86,3,132,89,84,65,74,86,143
689,1082620,2,33,24,101,45,130,89,84,141,15,34,141
690,1082618,1,47,46,41,169,124,89,84,81,151,48,141
691,1082618,2,27,46,76,111,100,89,84,107,216,243,141
692,1082617,1,31,11,132,7,137,132,84,152,195,100,141
693,1082617,2,48,11,142,24,124,89,84,0,205,246,96
694,1082616,1,24,37,35,143,84,104,84,76,203,210,221
695,1082616,2,60,37,34,159,124,89,84,181,104,160,141
696,1082615,1,48,24,115,6,124,89,84,141,33,183,141
697,1082615,2,55,24,6,14,101,84,84,30,40,12,162
698,1082614,1,55,46,132,7,124,89,84,124,107,48,159
699,1082614,2,58,46,71,85,158,89,84,0,187,111,105
700,1082613,1,62,11,27,155,124,89,84,30,90,12,135
701,1082613,2,43,11,115,6,196,64,109,110,195,200,86
702,1082612,1,53,16,6,135,124,89,84,76,201,149,5
703,1082612,2,21,16,34,156,66,24,129,141,33,247,141
704,1082611,1,61,35,153,43,73,89,84,70,145,238,154
705,1082611,2,42,35,35,143,84,89,84,107,93,243,200
706,1082610,1,40,37,101,45,149,22,1,124,107,196,141
707,1082610,2,58,37,76,81,124,89,84,52,89,71,109
708,1082609,1,45,35,6,98,124,89,84,107,216,243,141
709,1082609,2,45,35,83,43,193,49,84,141,33,38,141
710,1082608,1,29,13,97,129,83,40,62,0,109,244,141
711,1082608,2,30,13,102,7,169,89,84,60,89,175,141
712,1082607,1,52,19,35,143,84,89,84,152,195,100,165
713,1082607,2,35,19,27,155,183,89,84,120,212,69,141
714,1082606,1,67,46,150,85,124,89,84,216,159,139,202
715,1082606,2,63,46,83,43,26,89,84,55,151,48,141
716,1082605,1,37,13,34,159,181,89,84,30,125,12,141
717,1082605,2,43,13,115,6,124,89,84,76,236,149,5
718,1082604,1,55,11,1,24,183,89,84,0,109,226,204
719,1082604,2,45,11,102,7,172,89,84,152,195,206,125
720,1082603,1,36,37,35,143,84,89,84,141,33,173,141
721,1082603,2,55,37,86,135,101,29,84,120,212,69,141
722,1082602,1,29,19,76,166,158,112,84,153,35,134,141
723,1082602,2,46,19,115,6,177,155,109,155,97,161,47
724,1082601,1,41,11,35,143,84,104,84,102,74,86,143
725,1082601,2,36,11,97,129,83,89,84,120,72,83,198
726,1082600,1,37,46,83,169,73,89,84,76,5,258,121
727,1082600,2,34,46,34,159,181,24,84,31,129,105,202
728,1082599,1,36,24,150,85,158,89,84,141,62,183,141
729,1082599,2,36,24,66,98,157,89,84,81,151,173,141
730,1082598,1,30,16,133,24,124,89,84,30,40,256,17
731,1082598,2,39,16,115,6,177,89,84,110,195,154,165
732,1082597,1,34,46,132,7,77,133,84,171,216,91,141
733,1082597,2,48,46,41,96,73,89,84,8,109,244,141
734,1082596,1,26,35,34,159,181,89,84,60,89,175,141
735,1082596,2,41,35,96,129,0,89,84,76,236,4,79
736,1082595,1,31,20,26,24,183,89,84,29,222,183,141
737,1082595,2,46,20,6,135,22,89,84,218,143,100,141
738,1082594,1,32,16,35,143,124,89,84,155,151,48,141
739,1082594,2,32,16,76,81,158,112,28,120,174,83,141
740,1082593,1,61,37,115,6,124,89,84,0,109,244,105
741,1082593,2,53,37,102,7,124,89,84,30,116,268,141
742,1082592,1,40,24,97,105,83,89,84,160,188,100,122
743,1082592,2,47,24,73,24,183,89,84,65,74,86,143
744,1082591,1,42,35,34,159,37,24,84,191,109,244,207
745,1082591,2,49,35,102,7,124,89,84,168,236,149,13
746,981019,1,41,19,35,143,124,89,84,107,184,243,141
747,981019,2,38,19,83,43,73,89,84,120,22,191,198
748,981017,1,50,13,76,81,158,89,84,60,89,175,141
749,981017,2,49,13,96,129,83,40,84,124,107,196,141
750,981015,1,37,13,86,135,8,89,84,0,205,111,141
751,981015,2,38,13,102,7,169,89,84,141,46,183,153
752,981013,1,50,19,83,43,73,89,84,212,116,36,158
753,981013,2,34,19,115,6,196,144,84,77,129,105,202
754,981011,1,40,39,26,24,183,73,84,111,92,222,221
755,981011,2,49,39,34,159,181,24,84,152,143,100,165
756,981009,1,36,11,115,6,109,155,84,120,22,238,141
757,981009,2,37,11,35,68,168,104,84,11,35,134,40
758,981007,1,37,14,96,129,58,22,84,141,171,84,209
759,981007,2,41,14,6,98,157,89,84,60,89,175,141
760,981005,1,22,9,26,24,183,89,84,184,129,243,141
761,981005,2,31,9,83,59,57,153,84,152,4,100,165
762,981003,1,37,39,76,81,124,89,84,211,109,244,141
763,981003,2,24,39,102,7,77,133,110,124,107,173,141
764,981001,1,40,14,34,117,184,24,84,141,171,84,141
765,981001,2,56,14,6,98,94,23,84,76,5,92,168
766,980999,1,52,19,96,129,58,89,84,120,72,83,198
767,980999,2,39,19,35,143,84,89,84,60,89,175,141
768,980997,1,42,9,115,6,109,89,84,107,216,243,141
769,980997,2,33,9,41,96,73,153,97,30,241,88,17
770,980995,1,47,11,76,81,124,89,84,76,201,4,221
771,980995,2,49,11,146,55,181,24,84,124,107,173,141
772,980993,1,49,9,44,8,84,89,84,8,109,244,141
773,980993,2,29,9,102,63,16,133,110,120,72,173,141
774,980991,1,58,32,26,24,124,89,84,141,171,165,128
775,980991,2,41,32,86,135,61,29,84,152,195,154,165
776,980989,1,21,11,96,129,58,22,19,35,109,244,155
777,980989,2,33,11,102,7,124,89,84,60,89,133,141
778,980987,1,35,19,6,98,22,119,84,139,183,69,169
779,980987,2,51,19,44,8,19,104,84,141,33,247,141
780,980985,1,40,9,115,6,109,89,84,76,136,222,221
781,980985,2,47,9,34,29,23,147,84,212,35,12,19
782,980983,1,76,35,145,24,7,89,84,150,50,109,55
783,980983,2,56,35,76,81,158,27,78,152,250,100,165
784,980981,1,33,19,83,43,73,89,84,60,28,175,141
785,980981,2,45,19,96,129,124,89,84,216,176,243,141
786,980979,1,47,9,76,81,124,89,84,120,150,83,198
787,980979,2,56,9,35,8,84,89,84,124,97,173,141
788,980977,1,27,32,96,129,58,22,84,211,109,244,141
789,980977,2,44,32,102,7,169,89,84,60,89,175,141
790,980975,1,42,11,102,7,124,89,84,120,183,191,141
791,980975,2,45,11,35,8,124,89,84,211,109,244,141
792,980973,1,34,9,35,68,18,104,15,124,97,173,141
793,980973,2,35,9,76,81,158,112,28,181,145,191,161
794,980971,1,31,32,41,59,109,89,84,218,212,49,154
795,980971,2,32,32,76,8,19,89,84,154,136,243,212
796,980969,1,30,19,73,81,84,78,49,116,97,263,141
797,980969,2,50,19,96,101,183,89,84,91,159,268,187
798,980967,1,70,35,35,17,124,89,84,22,171,156,112
799,980967,2,64,35,26,159,60,10,27,4,151,196,141
800,980965,1,41,13,9,29,149,89,84,58,125,111,141
801,980965,2,30,13,10,148,16,129,84,60,35,86,141
802,980963,1,49,11,76,8,19,89,84,116,97,263,141
803,980963,2,30,11,90,105,183,155,4,218,85,238,141
804,980961,1,31,37,52,90,57,110,84,129,168,100,141
805,980961,2,49,37,71,83,84,65,84,154,136,250,141
806,980959,1,54,19,10,7,172,89,84,22,145,183,112
807,980959,2,39,19,26,159,189,42,84,103,72,111,155
808,980957,1,34,24,35,17,158,89,84,91,159,225,86
809,980957,2,24,24,73,81,84,78,49,75,44,161,141
810,980955,1,43,37,26,159,124,89,84,60,35,89,109
811,980955,2,45,37,9,129,41,57,132,192,145,139,161
812,980953,1,51,35,35,17,124,89,84,58,231,111,141
813,980953,2,38,35,10,7,172,129,84,36,90,196,141
814,980951,1,42,13,52,43,109,20,84,116,97,263,141
815,980951,2,49,13,96,170,124,89,84,206,136,243,141
816,980949,1,55,24,119,6,124,89,84,170,159,268,86
817,980949,2,44,24,101,81,124,89,84,30,74,271,109
818,980947,1,31,46,76,8,34,104,84,75,44,196,132
819,980947,2,51,46,35,17,124,89,84,147,250,238,48
820,980945,1,22,13,96,170,183,155,5,190,231,134,204
821,980945,2,36,13,11,69,172,8,84,116,185,173,141
822,980943,1,51,35,26,159,189,42,84,206,136,105,202
823,980943,2,24,35,79,59,57,20,99,192,145,139,141
824,980941,1,37,32,108,8,34,12,84,170,159,110,230
825,980941,2,31,32,101,81,124,89,84,181,178,276,71
826,980939,1,37,24,9,129,41,57,84,36,90,161,159
827,980939,2,47,24,35,17,124,89,84,60,35,133,141
828,980937,1,44,37,27,105,183,154,137,67,222,156,141
829,980937,2,33,37,26,159,189,89,84,116,97,263,14
830,980935,1,45,35,11,69,172,89,84,154,136,243,141
831,980935,2,33,35,41,96,73,89,84,190,125,111,78
832,980933,1,44,13,9,129,88,24,84,218,212,191,141
833,980933,2,32,13,22,118,34,12,50,60,35,133,58
834,980931,1,43,24,35,17,158,89,84,194,218,190,141
835,980931,2,39,24,115,43,73,77,121,36,90,161,159
836,980929,1,36,37,26,159,189,42,84,218,104,49,198
837,980929,2,49,37,22,26,19,104,84,192,129,156,141
838,980927,1,46,46,101,81,89,89,84,190,125,69,204
839,980927,2,38,46,11,69,172,89,84,170,159,268,86
840,980925,1,47,32,9,129,88,24,84,116,12,263,70
841,980925,2,36,32,27,105,183,107,84,60,35,86,141
842,980923,1,50,35,11,69,124,89,84,154,236,250,202
843,980923,2,50,35,115,43,124,89,84,187,231,192,96
844,980921,1,46,19,101,81,89,54,84,36,90,161,141
845,980921,2,49,19,35,17,124,89,84,129,241,100,187
846,980919,1,50,32,22,26,19,89,84,116,12,82,226
847,980919,2,64,32,27,105,183,89,84,143,104,83,198
848,980917,1,29,46,101,81,89,54,84,176,103,258,212
849,980917,2,52,46,115,43,124,89,84,129,241,144,183
850,980915,1,38,35,146,98,60,23,84,36,90,161,141
851,980915,2,46,35,35,17,158,89,84,192,145,148,141
852,980913,1,50,13,119,6,88,89,84,103,72,244,96
853,980913,2,37,13,11,148,87,129,117,30,74,133,141
854,980911,1,64,37,146,98,60,89,84,116,97,263,70
855,980911,2,34,37,27,105,183,115,84,192,145,139,141
856,980909,1,52,11,101,71,102,89,84,60,35,133,125
857,980909,2,44,11,9,129,41,91,84,129,201,90,163
858,980907,1,42,19,67,26,19,89,84,165,90,173,141
859,980907,2,38,19,35,17,158,89,84,141,212,106,141
860,980905,1,49,32,146,98,189,42,84,86,136,258,141
861,980905,2,55,32,115,43,124,89,84,192,145,25,141
862,980903,1,31,11,145,24,186,89,84,103,219,111,155
863,980903,2,45,11,11,69,124,89,84,81,142,12,226
864,980901,1,43,46,9,129,88,89,84,42,104,83,198
865,980901,2,38,46,67,26,19,89,84,60,35,89,141
866,829823,1,42,11,15,144,124,89,84,165,90,161,159
867,829823,2,48,11,35,17,158,37,84,26,109,192,105
868,829821,1,34,17,27,105,183,89,84,91,159,222,163
869,829821,2,46,17,71,110,102,59,84,112,142,23,235
870,829819,1,55,24,9,129,124,89,84,192,145,173,141
871,829819,2,86,24,146,166,101,89,84,30,74,154,109
872,829817,1,37,46,67,26,19,104,84,111,236,250,202
873,829817,2,45,46,115,43,124,89,84,181,104,83,154
874,829815,1,52,35,11,69,86,89,84,91,187,222,187
875,829815,2,34,35,61,83,84,51,84,58,42,111,105
876,829813,1,39,19,35,17,46,121,84,112,142,263,23
877,829813,2,17,19,27,105,183,89,84,124,182,220,141
878,829811,1,41,3,9,129,126,89,84,111,236,243,141
879,829811,2,30,3,115,43,109,89,84,30,74,133,58
880,829809,1,42,33,76,75,124,89,84,26,72,111,105
881,829809,2,47,33,59,156,169,133,84,87,115,191,101
882,829807,1,55,35,71,71,84,89,84,192,43,25,141
883,829807,2,66,35,146,82,124,89,84,212,159,100,141
884,829805,1,25,46,27,105,183,155,84,30,74,195,109
885,829805,2,51,46,119,29,124,89,84,112,142,263,23
886,829803,1,35,33,35,17,158,89,84,194,175,258,202
887,829803,2,52,33,115,43,124,89,84,36,90,161,159
888,829801,1,48,39,146,82,157,89,84,141,115,106,154
889,829801,2,62,39,67,85,124,89,84,192,43,25,161
890,829799,1,45,35,115,43,109,153,84,116,12,23,122
891,829799,2,36,35,27,170,183,89,84,111,236,243,141
892,829797,1,60,22,35,41,158,89,84,30,74,133,158
893,829797,2,64,22,29,129,124,89,84,124,182,115,141
894,829795,1,65,46,67,85,124,89,84,212,201,100,187
895,829795,2,47,46,71,71,84,89,84,87,141,191,182
896,829793,1,53,39,146,82,157,89,84,211,219,111,105
897,829793,2,44,39,11,69,172,89,84,107,43,197,24
898,829791,1,34,11,112,170,186,146,136,4,199,196,132
899,829791,2,64,11,35,41,158,89,84,177,185,153,141
900,829789,1,49,22,29,103,149,89,84,111,188,243,141
901,829789,2,49,22,115,43,109,89,84,30,74,109,141
902,829787,1,44,3,61,83,84,58,84,140,23,156,141
903,829787,2,48,3,146,82,60,23,84,129,100,102,141
904,829785,1,35,19,132,148,124,89,84,42,104,191,71
905,829785,2,71,19,67,85,34,52,95,92,72,244,105
906,829783,1,55,46,115,43,109,89,84,140,145,25,161
907,829783,2,46,46,146,82,189,89,84,111,236,243,212
908,829781,1,53,11,67,85,124,89,84,4,90,161,141
909,829781,2,60,11,35,41,124,89,84,141,51,106,141
910,829779,1,70,22,146,82,124,89,84,4,90,161,141
911,829779,2,100,22,35,41,158,89,84,120,222,183,141
912,829777,1,32,3,146,82,59,150,84,111,236,243,141
913,829777,2,59,3,115,43,109,89,84,120,129,183,141
914,829775,1,37,33,108,6,18,12,23,206,136,250,141
915,829775,2,38,33,115,43,109,89,84,181,188,49,92
916,829773,1,59,35,35,17,158,37,84,81,168,63,141
917,829773,2,40,35,73,26,70,130,59,4,151,173,141
918,829771,1,35,19,11,148,167,56,84,192,30,25,141
919,829771,2,51,19,146,166,100,42,84,201,50,69,96
920,829769,1,49,46,35,17,124,89,84,30,230,86,109
921,829769,2,46,46,29,129,88,89,84,4,151,173,141
922,829767,1,53,13,115,43,124,89,84,175,84,263,23
923,829767,2,41,13,27,158,84,89,84,111,218,124,141
924,829765,1,51,22,73,145,76,89,84,201,50,69,155
925,829765,2,42,22,11,148,167,89,84,83,168,17,141
926,829761,1,57,11,71,159,124,89,84,154,174,238,141
927,829761,2,17,11,108,8,12,12,23,192,30,156,141
928,829759,1,47,33,27,158,84,89,84,200,35,184,141
929,829759,2,65,33,29,129,124,89,84,175,84,263,23
930,829757,1,31,13,9,105,181,104,84,201,50,69,207
931,829757,2,42,13,11,148,167,89,84,154,174,238,141
932,829753,1,69,22,35,136,26,37,28,144,236,190,65
933,829753,2,38,22,115,43,109,89,84,124,5,173,141
934,829751,1,41,46,71,159,189,89,84,139,63,17,141
935,829751,2,47,46,73,145,76,89,84,192,30,156,141
936,829749,1,35,36,29,129,88,36,84,201,50,61,62
937,829749,2,36,36,11,148,124,89,84,30,230,184,141
938,829747,1,31,13,67,105,34,104,41,4,90,161,141
939,829747,2,90,13,35,17,124,89,84,143,212,93,71
940,829745,1,40,19,73,145,76,89,84,141,74,36,141
941,829745,2,50,19,29,129,124,89,84,139,108,63,17
942,829743,1,48,9,71,166,184,42,37,206,136,18,141
943,829743,2,53,9,115,43,109,116,84,192,30,156,141
944,829741,1,39,36,35,17,158,37,84,26,50,192,56
945,829741,2,47,36,11,144,124,89,84,75,5,161,141
946,829739,1,48,13,67,105,181,89,84,77,238,23,54
947,829739,2,33,13,27,96,183,89,84,121,212,83,92
948,829737,1,34,19,73,145,76,78,84,206,136,243,18
949,829737,2,48,19,115,43,109,116,84,50,168,17,141
950,829735,1,43,36,11,144,124,89,84,192,30,156,141
951,829735,2,40,36,71,159,157,89,84,41,220,111,155
952,829733,1,43,24,119,29,124,89,84,78,136,243,141
953,829733,2,49,24,115,43,109,5,84,60,35,184,109
954,829731,1,45,9,35,17,158,89,84,116,248,82,54
955,829731,2,38,9,83,122,183,54,84,75,5,161,141
956,829729,1,45,46,73,145,76,89,84,121,212,106,71
957,829729,2,48,46,67,105,181,89,84,139,63,110,17
958,829727,1,48,9,11,144,87,127,84,116,93,82,235
959,829727,2,49,9,27,158,7,89,84,41,72,244,96
960,829725,1,46,24,67,105,181,89,84,200,35,71,141
961,829725,2,52,24,119,29,124,89,84,70,147,238,141
962,829723,1,54,11,35,17,158,89,84,105,222,31,127
963,829723,2,39,11,71,159,157,41,84,75,5,161,141
964,829721,1,38,36,73,145,76,155,84,116,238,82,54
965,829721,2,50,36,27,158,124,89,84,139,63,90,95
966,829719,1,56,19,29,129,58,89,84,192,145,31,141
967,829719,2,36,19,71,82,157,41,84,200,35,184,141
968,829717,1,50,46,115,43,109,89,84,218,97,110,141
969,829717,2,36,46,80,145,124,89,84,206,16,243,141
970,829715,1,53,13,35,17,158,89,84,144,236,190,141
971,829715,2,54,13,115,43,109,116,84,75,5,161,159
972,829713,1,27,11,146,135,101,150,37,218,108,176,141
973,829713,2,41,11,73,145,124,89,84,192,217,31,141
974,829711,1,47,22,67,105,181,89,84,201,72,95,204
975,829711,2,55,22,11,144,172,89,84,121,212,206,80
976,829709,1,61,24,115,43,10,89,84,116,238,82,54
977,829709,2,62,24,27,158,7,84,84,144,236,73,153
978,829707,1,76,22,29,129,124,89,84,124,5,211,141
979,829707,2,54,22,35,17,158,37,84,200,35,184,125
980,829705,1,51,11,67,105,124,89,84,192,30,156,24
981,829705,2,45,11,71,159,60,23,84,121,212,206,80
982,734049,1,43,19,11,144,124,89,84,218,80,176,141
983,734049,2,55,19,73,145,76,155,84,201,72,245,204
984,734047,1,37,46,35,17,158,89,84,116,248,57,70
985,734047,2,42,46,90,158,7,54,84,75,5,161,141
986,734045,1,55,3,115,43,124,89,84,30,74,184,125
987,734045,2,33,3,29,103,149,73,36,206,16,92,65
988,734043,1,44,11,73,62,170,58,84,181,147,206,71
989,734043,2,41,11,67,50,129,104,42,218,168,17,141
990,734041,1,68,46,27,158,124,89,84,192,145,31,141
991,734041,2,34,46,71,82,189,42,27,116,198,82,141
992,734039,1,56,33,119,29,103,89,84,49,50,69,204
993,734039,2,36,33,11,144,167,56,84,30,172,86,141
994,734037,1,44,11,35,17,158,89,84,121,141,93,165
995,734037,2,61,11,67,105,124,89,84,150,151,4,141
996,734035,1,45,19,71,82,189,89,84,206,16,243,79
997,734035,2,57,19,115,43,109,89,84,192,43,31,24
998,734033,1,41,33,119,29,54,73,84,80,250,176,141
999,734033,2,49,33,101,145,76,89,84,30,89,195,148
1000,734031,1,39,46,27,158,7,89,84,121,212,106,80
1001,734031,2,45,46,96,75,141,89,84,116,198,57,70
1002,734029,1,36,17,35,17,158,37,84,41,219,30,155
1003,734029,2,40,17,11,144,167,89,84,4,151,173,141
1004,734027,1,56,11,29,129,124,89,84,192,30,43,68
1005,734027,2,47,11,71,82,189,89,84,30,230,86,45
1006,734025,1,16,33,35,17,124,89,84,170,250,173,141
1007,734025,2,28,33,101,145,76,155,84,75,151,196,141
1008,734023,1,72,11,150,82,60,41,27,116,198,57,70
1009,734023,2,61,11,27,158,7,84,84,192,43,31,161
1010,734021,1,46,35,67,105,141,12,84,206,136,250,141
1011,734021,2,50,35,115,43,109,153,84,181,147,206,71
1012,734019,1,68,13,29,129,103,89,84,116,84,57,14
1013,734019,2,83,13,27,158,7,84,53,60,35,154,109
1014,734017,1,41,36,150,82,59,42,39,142,90,4,141
1015,734017,2,47,36,76,17,55,121,84,192,43,78,161
1016,734015,1,66,35,11,144,124,89,84,29,136,258,212
1017,734015,2,53,35,115,43,109,153,84,41,41,69,141
1018,734013,1,54,17,101,145,124,89,84,116,12,82,54
1019,734013,2,2,17,145,24,124,89,84,80,250,173,141
1020,734011,1,29,36,29,129,54,73,58,181,147,206,141
1021,734011,2,38,36,67,105,124,89,84,60,35,184,125
1022,734009,1,48,2,67,105,124,89,84,150,5,173,141
1023,734009,2,54,2,35,41,106,121,84,181,147,206,141
1024,734007,1,41,35,27,158,124,89,84,41,109,69,204
1025,734007,2,40,35,11,144,172,127,84,116,198,82,141
1026,734005,1,29,19,27,158,7,84,84,4,182,173,141
1027,734005,2,34,19,35,85,55,89,84,116,198,82,141
1028,734003,1,61,17,67,105,141,89,84,4,151,196,166
1029,734003,2,31,17,35,85,158,89,84,181,147,206,141
1030,734001,1,37,35,67,118,63,47,16,160,89,164,141
1031,734001,2,57,35,11,41,124,89,84,121,104,173,141
1032,733999,1,35,19,73,110,170,56,118,14,236,115,141
1033,733999,2,47,19,115,43,124,89,84,139,250,48,141
1034,733997,1,52,2,71,82,124,89,84,141,176,111,185
1035,733997,2,57,2,9,17,158,89,84,192,145,161,134
1036,733995,1,49,46,27,158,7,89,84,4,35,171,141
1037,733995,2,56,46,29,129,103,89,84,15,219,195,70
1038,733993,1,40,13,115,43,109,89,84,201,104,157,141
1039,733993,2,53,13,108,105,63,89,84,14,111,73,141
1040,733991,1,57,19,11,41,89,89,84,141,208,192,55
1041,733991,2,62,19,9,17,124,89,84,160,89,196,119
1042,733989,1,37,36,71,82,157,89,84,218,173,48,50
1043,733989,2,28,36,101,145,172,89,84,192,145,161,24
1044,733987,1,36,2,29,129,103,36,84,111,236,250,141
1045,733987,2,36,2,115,43,124,89,84,30,41,171,141
1046,733985,1,31,13,108,50,129,47,84,141,72,173,141
1047,733985,2,42,13,9,17,158,89,84,201,104,157,103
1048,733983,1,49,46,11,41,89,89,84,192,119,25,150
1049,733983,2,50,46,71,82,124,89,84,73,29,196,141
1050,733981,1,63,13,27,1,183,89,84,218,50,167,141
1051,733981,2,51,13,101,145,172,56,84,164,181,244,141
1052,733979,1,40,36,77,9,129,104,84,30,41,154,140
1053,733979,2,33,36,29,129,103,89,84,201,147,106,71
1054,733977,1,41,19,71,82,157,89,84,111,236,250,141
1055,733977,2,65,19,115,43,124,89,84,192,119,161,24
1056,733975,1,49,13,145,70,7,89,84,201,147,106,141
1057,733975,2,51,13,108,105,19,89,84,210,125,244,141
1058,733973,1,50,46,9,136,26,89,84,30,41,171,56
1059,733973,2,63,46,29,129,124,89,84,60,172,60,195
1060,733971,1,48,17,145,70,7,89,84,73,167,30,141
1061,733971,2,36,17,11,41,89,127,78,190,125,82,204
1062,729317,1,41,10,101,145,172,89,84,201,147,106,103
1063,729317,2,52,10,108,105,19,89,84,218,159,185,47
1064,729315,1,35,41,71,82,157,23,84,30,41,61,140
1065,729315,2,65,41,29,129,124,89,84,192,119,76,132
1066,729313,1,50,10,145,144,7,89,84,141,72,192,191
1067,729313,2,72,10,35,17,124,89,84,217,125,91,204
1068,729311,1,31,40,11,41,167,89,84,111,16,250,202
1069,729311,2,59,40,115,132,57,135,84,81,167,196,141
1070,729309,1,39,40,108,9,129,89,84,192,145,25,141
1071,729309,2,40,40,71,82,157,42,84,201,147,106,141
1072,729307,1,27,41,29,8,149,36,29,11,154,175,141
1073,729307,2,46,41,11,142,55,89,84,30,5,171,141
1074,729305,1,71,41,35,17,124,89,84,218,203,48,141
1075,729305,2,22,41,101,148,87,51,98,141,72,173,141
1076,729303,1,59,10,115,43,124,89,84,201,147,106,71
1077,729303,2,64,10,108,105,19,89,84,83,236,250,202
1078,729301,1,48,10,11,146,167,89,84,141,72,173,141
1079,729301,2,72,10,35,17,124,89,84,81,12,175,159
1080,729299,1,37,40,101,145,172,56,119,14,107,243,141
1081,729299,2,43,40,115,43,133,153,84,218,159,173,141
1082,729297,1,49,10,29,129,91,89,84,103,219,195,226
1083,729297,2,45,10,145,70,7,89,84,4,35,171,141
1084,729295,1,59,40,71,94,124,89,84,141,72,207,141
1085,729295,2,36,40,35,17,158,54,84,192,151,163,24
1086,729293,1,54,41,11,146,167,89,84,201,147,125,92
1087,729293,2,47,41,108,105,19,89,84,138,12,239,141
1088,729291,1,40,40,60,24,183,89,84,14,136,243,141
1089,729291,2,37,40,115,43,30,77,84,190,198,244,235
1090,729289,1,35,10,35,17,12,121,53,170,50,276,137
1091,729289,2,61,10,101,121,124,89,84,141,72,235,141
1092,729287,1,40,10,115,43,124,89,84,192,151,163,24
1093,729287,2,37,10,71,94,101,42,130,14,136,258,141
1094,729285,1,48,41,111,148,87,89,84,11,167,239,141
1095,729285,2,50,41,11,157,124,89,84,80,54,167,141
1096,729283,1,26,41,35,17,158,54,10,30,5,171,141
1097,729283,2,38,41,29,129,91,73,84,141,176,69,141
1098,729281,1,60,40,11,157,171,89,84,190,181,51,204
1099,729281,2,46,40,145,70,124,89,84,11,195,175,141
1100,729279,1,45,41,71,94,64,89,84,170,159,48,237
1101,729279,2,51,41,101,148,124,89,84,192,151,124,134
1102,598073,1,51,11,29,129,124,89,84,201,147,83,92
1103,598073,2,32,11,108,105,85,12,45,30,5,41,141
1104,598072,1,28,11,115,43,109,116,122,141,72,68,141
1105,598072,2,46,11,35,17,158,89,84,14,136,250,153
1106,598071,1,56,13,145,70,124,89,84,192,30,161,134
1107,598071,2,50,13,46,81,189,89,84,190,248,51,204
1108,598070,1,34,13,29,129,91,89,84,11,195,173,141
1109,598070,2,25,13,11,46,182,100,84,30,5,41,141
1110,598069,1,25,35,145,1,32,57,84,201,147,106,103
1111,598069,2,39,35,108,105,19,89,84,190,198,51,204
1112,598068,1,51,19,29,129,124,89,84,80,168,167,141
1113,598068,2,50,19,101,83,87,89,84,30,5,41,140
1114,598067,1,21,43,108,156,19,88,84,192,151,25,141
1115,598067,2,32,43,71,51,189,89,84,201,147,125,92
1116,598066,1,42,15,27,158,7,89,84,141,72,223,155
1117,598066,2,41,15,35,17,138,54,84,190,198,274,204
1118,598065,1,37,35,11,157,59,131,84,14,136,250,141
1119,598065,2,66,35,115,90,57,153,84,150,12,146,10
1120,598064,1,47,33,46,81,189,89,84,30,5,171,42
1121,598064,2,55,33,29,129,124,89,84,192,140,161,32
1122,598063,1,45,46,108,87,124,89,84,170,50,276,141
1123,598063,2,49,46,73,110,87,133,84,70,188,157,92
1124,598062,1,51,22,115,43,109,89,84,190,198,91,204
1125,598062,2,63,22,27,158,124,89,84,14,136,243,153
1126,598061,1,28,17,101,145,87,133,84,11,65,175,141
1127,598061,2,44,17,11,157,59,89,84,218,168,48,141
1128,598060,1,63,46,27,158,124,89,84,192,151,126,102
1129,598060,2,59,46,71,51,189,23,39,190,198,51,235
1130,598059,1,44,13,115,43,109,97,84,141,72,68,141
1131,598059,2,55,13,35,136,26,54,10,23,218,149,141
1132,598058,1,46,38,29,129,124,89,84,218,96,176,50
1133,598058,2,37,38,101,121,87,89,84,30,41,171,141
1134,598057,1,52,17,46,81,124,89,84,76,12,65,143
1135,598057,2,44,17,11,157,59,89,84,192,151,126,141
1136,598056,1,49,33,108,87,122,55,45,141,72,68,141
1137,598056,2,70,33,9,136,26,89,84,154,104,157,103
1138,598055,1,48,43,115,43,28,89,84,30,41,132,56
1139,598055,2,48,43,119,29,126,89,84,216,25,250,202
1140,598054,1,43,13,101,121,87,89,84,190,198,51,204
1141,598054,2,49,13,27,158,7,57,84,218,50,173,141
1142,598053,1,23,43,9,17,84,121,34,164,93,244,141
1143,598053,2,31,43,27,158,7,57,111,141,72,207,141
1144,598052,1,43,33,29,129,103,89,84,216,136,243,141
1145,598052,2,46,33,115,43,28,89,84,30,41,61,140
1146,598051,1,38,35,38,17,158,54,84,30,230,41,45
1147,598051,2,46,35,29,129,103,155,84,141,72,68,195
1148,598050,1,59,46,29,129,124,89,84,164,49,244,141
1149,598050,2,59,46,27,158,124,89,84,30,41,42,140
1150,598049,1,59,38,29,129,103,89,84,203,0,274,179
1151,598049,2,54,38,27,98,179,89,84,4,35,42,177
1152,598048,1,61,19,96,57,141,89,84,11,65,39,77
1153,598048,2,59,19,11,83,167,89,84,201,82,157,92
1154,598047,1,52,38,53,17,158,89,84,200,177,243,51
1155,598047,2,73,38,41,22,124,89,84,141,72,165,184
1156,598046,1,35,46,11,83,167,89,84,192,151,25,141
1157,598046,2,56,46,46,82,189,10,84,11,73,39,77
1158,598045,1,41,19,27,144,120,58,84,218,50,187,187
1159,598045,2,43,19,12,149,87,133,84,32,248,91,219
1160,598044,1,40,35,53,17,158,6,84,38,35,4,177
1161,598044,2,59,35,29,129,103,89,84,179,172,257,62
1162,598043,1,59,11,41,22,147,77,84,181,147,106,103
1163,598043,2,49,11,96,57,124,89,84,200,55,243,111
1164,598042,1,23,43,132,163,7,58,80,22,222,161,226
1165,598042,2,62,43,72,51,124,89,84,32,93,244,219
1166,598041,1,62,22,12,149,172,89,84,11,65,39,141
1167,598041,2,50,22,11,83,55,103,84,170,175,276,47
1168,598040,1,34,39,119,29,124,89,84,70,212,106,141
1169,598040,2,61,39,96,57,141,88,84,30,5,217,140
1170,598039,1,57,35,46,82,114,89,84,200,236,54,202
1171,598039,2,76,35,129,43,147,89,84,192,89,76,226
1172,598038,1,41,43,27,158,124,89,84,201,85,157,141
1173,598038,2,21,43,96,57,141,75,51,165,220,219,219
1174,598037,1,64,46,11,142,139,17,84,141,45,229,20
1175,598037,2,61,46,35,17,124,89,84,26,131,242,39
1176,598036,1,40,38,129,43,147,77,84,30,5,42,177
1177,598036,2,45,38,29,129,124,89,84,206,230,243,111
1178,598035,1,49,39,135,149,124,89,84,192,151,25,226
1179,598035,2,40,39,72,51,189,36,27,218,203,48,151
1180,598034,1,46,22,35,136,26,89,84,121,212,83,92
1181,598034,2,56,22,96,100,71,89,84,141,45,160,20
1182,598033,1,55,46,11,114,124,89,84,15,199,219,204
1183,598033,2,42,46,145,98,7,89,84,83,217,70,39
1184,598032,1,53,38,135,149,124,89,84,139,55,258,202
1185,598032,2,49,38,41,21,147,77,133,218,175,48,141
1186,598031,1,29,11,29,129,103,89,84,192,89,161,141
1187,598031,2,51,11,46,47,101,36,84,30,41,222,136
1188,598030,1,45,22,27,158,124,89,84,58,45,21,166
1189,598030,2,57,22,35,17,158,6,84,142,248,219,141
1190,598029,1,39,11,29,129,91,89,84,80,50,276,151
1191,598029,2,56,11,135,149,87,89,84,30,160,222,177
1192,598028,1,46,15,46,135,189,89,84,69,147,83,198
1193,598028,2,82,15,96,57,122,89,84,192,89,161,134
1194,598027,1,65,19,129,43,147,89,84,141,109,44,195
1195,598027,2,72,19,9,17,158,89,84,194,218,176,141
1196,598026,1,48,22,96,57,122,104,84,94,50,276,141
1197,598026,2,23,22,135,8,87,130,23,120,147,106,141
1198,598025,1,45,33,29,129,124,89,84,83,243,39,201
1199,598025,2,55,33,11,114,167,89,84,30,46,168,183
1200,598024,1,50,13,72,51,157,89,84,188,165,235,44
1201,598024,2,50,13,20,6,158,54,84,192,151,253,102
1202,598023,1,65,19,129,43,147,89,84,165,234,219,207
1203,598023,2,39,19,27,158,120,4,61,139,236,173,141
1204,598022,1,48,11,11,114,124,89,84,120,147,133,92
1205,598022,2,44,11,96,57,122,89,84,214,217,100,39
1206,598021,1,57,35,11,114,124,89,84,206,55,243,141
1207,598021,2,45,35,129,43,147,89,84,83,217,269,63
1208,598020,1,35,13,27,158,7,142,59,135,45,21,141
1209,598020,2,49,13,47,17,158,6,84,165,198,173,141
1210,598019,1,53,38,135,69,170,89,84,139,236,54,202
1211,598019,2,47,38,129,43,147,89,84,218,114,49,47
1212,598018,1,60,24,29,129,124,89,84,73,30,161,24
1213,598018,2,59,24,77,82,157,42,84,30,5,222,56
1214,598017,1,43,19,11,114,167,89,84,15,199,219,235
1215,598017,2,39,19,143,158,7,58,84,53,100,142,63
1216,598016,1,48,33,47,17,158,6,53,121,212,83,92
1217,598016,2,61,33,96,57,122,89,84,37,109,89,31
1218,598015,1,25,22,135,149,87,130,98,192,228,161,141
1219,598015,2,50,22,77,51,124,89,84,129,114,48,141
1220,598014,1,79,38,29,129,124,89,84,139,236,54,234
1221,598014,2,44,38,129,43,147,77,84,30,160,222,125
1222,598013,1,52,11,145,98,179,4,84,121,212,80,109
1223,598013,2,55,11,96,100,71,89,84,1,248,19,179
1224,598012,1,55,22,47,17,124,89,84,83,243,39,77
1225,598012,2,43,22,11,142,139,78,18,145,45,111,141
1226,598011,1,66,46,29,129,91,89,84,80,114,48,137
1227,598011,2,62,46,135,69,144,89,84,30,160,222,125
1228,598010,1,41,13,129,43,165,77,84,83,39,269,141
1229,598010,2,74,13,11,114,167,89,84,139,236,54,141
1230,598009,1,58,43,35,17,158,54,84,170,114,187,137
1231,598009,2,63,43,135,69,144,89,84,145,45,111,141
1232,598008,1,35,19,46,87,157,71,84,1,198,244,180
1233,598008,2,46,19,86,24,183,4,59,192,228,263,141
1234,598007,1,35,33,11,114,167,89,84,30,5,222,177
1235,598007,2,47,33,29,129,91,155,84,83,243,39,141
1236,598006,1,60,46,67,105,124,89,84,218,114,187,141
1237,598006,2,35,46,135,69,170,106,23,121,212,106,71
1238,598005,1,40,38,27,158,120,4,126,206,55,243,141
1239,598005,2,105,38,25,141,124,89,84,1,199,274,179
1240,598004,1,44,35,77,51,157,89,84,145,72,44,96
1241,598004,2,58,35,35,54,124,89,84,192,151,263,141
1242,598003,1,36,43,67,105,122,104,84,30,158,168,183
1243,598003,2,43,43,29,129,103,89,84,70,147,238,92
1244,598002,1,41,22,77,82,157,150,84,206,48,243,141
1245,598002,2,61,22,129,22,57,89,84,192,146,161,24
1246,598001,1,50,13,35,54,158,54,84,218,159,187,141
1247,598001,2,64,13,135,69,144,130,84,58,176,44,61
1248,598000,1,71,35,77,166,60,89,84,69,147,106,198
1249,598000,2,68,35,67,105,124,89,84,192,146,86,132
1250,597999,1,54,19,135,69,170,106,84,83,217,269,39
1251,597999,2,53,19,11,142,139,78,84,218,159,225,141
1252,597998,1,61,11,35,54,124,89,84,30,160,222,136
1253,597998,2,47,11,29,129,103,148,84,141,176,111,141
1254,548381,1,51,22,133,75,141,89,84,200,48,258,202
1255,548381,2,53,22,129,22,57,110,84,201,145,133,141
1256,548380,1,32,22,77,135,189,36,91,83,217,39,141
1257,548380,2,43,22,11,114,167,89,84,192,151,86,164
1258,548379,1,37,19,27,163,183,89,84,218,159,187,141
1259,548379,2,42,19,135,145,87,106,84,28,248,82,204
1260,548378,1,33,43,11,114,167,78,84,121,212,106,109
1261,548378,2,42,43,67,105,141,12,50,83,243,142,201
1262,548377,1,30,38,29,129,91,89,84,206,230,243,141
1263,548377,2,48,38,115,22,193,39,43,30,52,217,183
1264,548376,1,25,35,25,141,57,110,43,120,104,238,109
1265,548376,2,36,35,67,105,19,104,56,206,177,176,202
1266,548375,1,32,43,67,105,19,104,84,83,243,242,116
1267,548375,2,38,43,11,114,167,89,84,98,145,106,198
1268,548374,1,39,15,108,39,68,116,84,53,219,173,141
1269,548374,2,42,15,132,9,158,89,84,121,164,106,69
1270,548373,1,45,35,24,43,170,89,84,150,151,170,24
1271,548373,2,73,35,60,83,196,56,84,200,159,2,47
1272,548372,1,52,13,20,110,183,89,84,154,177,137,141
1273,548372,2,68,13,129,22,147,88,84,217,55,269,221
1274,548371,1,48,15,11,34,172,89,84,30,37,250,141
1275,548371,2,57,15,150,129,91,89,84,58,100,119,37
1276,548370,1,64,46,25,141,147,88,84,53,85,244,166
1277,548370,2,75,46,132,9,158,89,84,154,177,18,217
1278,548369,1,51,13,11,34,25,133,84,200,203,48,141
1279,548369,2,60,13,44,121,33,148,84,93,72,100,37
1280,548368,1,54,11,108,39,68,89,84,192,37,217,183
1281,548368,2,56,11,150,129,124,89,84,145,104,42,103
1282,548367,1,50,19,60,83,12,155,57,46,236,120,141
1283,548367,2,41,19,101,17,183,4,84,22,182,170,20
1284,548366,1,84,33,124,39,124,89,84,200,203,167,63
1285,548366,2,53,33,53,43,144,89,84,69,1,106,140
1286,548365,1,49,38,115,22,122,89,84,30,37,222,177
1287,548365,2,46,38,150,129,91,77,84,120,16,243,153
1288,548364,1,52,22,11,34,172,89,84,214,55,258,235
1289,548364,2,64,22,20,158,135,89,84,93,72,100,39
1290,548363,1,75,11,60,24,124,89,84,53,85,242,141
1291,548363,2,53,11,132,81,19,134,84,34,151,21,139
1292,548362,1,50,43,25,141,147,89,84,200,50,225,141
1293,548362,2,56,43,41,60,170,106,38,146,16,251,202
1294,548361,1,60,38,124,54,141,35,84,206,55,269,138
1295,548361,2,55,38,145,110,7,84,84,87,118,157,140
1296,548360,1,48,46,11,34,124,89,84,146,128,243,213
1297,548360,2,53,46,129,22,147,89,84,93,72,100,37
1298,548359,1,49,35,60,24,124,89,84,30,52,217,183
1299,548359,2,40,35,150,129,91,153,73,34,151,21,141
1300,548358,1,69,43,132,9,158,89,84,190,113,100,39
1301,548358,2,35,43,11,48,172,17,45,53,217,244,141
1302,548357,1,50,13,25,141,147,89,84,23,162,41,20
1303,548357,2,73,13,60,24,124,89,84,195,16,172,202
1304,548356,1,28,19,53,43,170,106,84,206,55,274,141
1305,548356,2,43,19,101,82,183,4,84,200,78,225,47
1306,548355,1,27,46,132,41,158,89,84,30,37,250,183
1307,548355,2,40,46,110,90,91,28,120,53,217,244,141
1308,548354,1,43,33,124,39,68,89,84,58,113,98,86
1309,548354,2,43,33,11,114,172,17,84,121,104,125,140
1310,548353,1,51,11,60,6,102,56,84,200,32,141,141
1311,548353,2,48,11,100,43,60,106,112,23,41,21,141
1312,548352,1,51,22,119,73,189,77,122,87,147,80,141
1313,548352,2,22,22,124,39,68,104,56,192,158,250,141
1314,548351,1,52,43,101,158,7,89,84,53,217,83,141
1315,548351,2,55,43,132,9,158,134,84,142,236,269,138
1316,548350,1,37,19,119,73,189,77,120,23,41,173,141
1317,548350,2,44,19,60,24,124,89,84,192,158,222,141
1318,548349,1,57,38,100,20,124,89,84,146,128,251,202
1319,548349,2,51,38,25,141,147,88,53,200,78,33,115
1320,548348,1,51,2,132,9,158,89,84,121,104,80,103
1321,548348,2,50,2,124,39,124,89,84,53,217,244,71
1322,548347,1,39,22,7,129,91,89,84,93,72,98,86
1323,548347,2,43,22,11,114,172,89,84,192,224,44,183
1324,548346,1,40,46,101,17,124,89,84,146,218,156,213
1325,548346,2,51,46,25,141,124,89,84,201,236,274,141
1326,548345,1,56,13,132,41,124,89,84,200,32,205,115
1327,548345,2,59,13,100,20,170,106,84,108,122,244,141
1328,548344,1,43,11,72,110,124,89,84,91,147,106,103
1329,548344,2,40,11,124,54,76,104,50,201,236,168,141
1330,548343,1,62,22,100,20,170,89,84,58,99,119,86
1331,548343,2,79,22,33,57,124,89,84,170,230,33,115
1332,548342,1,57,13,132,41,158,89,84,120,177,251,202
1333,548342,2,56,13,25,141,147,137,84,108,122,244,141
1334,548341,1,49,43,60,24,124,89,84,121,104,80,141
1335,548341,2,39,43,124,39,68,89,84,150,25,21,139
1336,548339,1,47,33,96,17,183,89,84,51,130,242,141
1337,548339,2,42,33,132,9,158,89,84,201,248,258,141
1338,548337,1,60,43,100,47,170,89,84,30,222,250,183
1339,548337,2,61,43,7,129,124,89,84,200,32,76,115
1340,548336,1,56,38,124,39,124,89,84,134,138,156,202
1341,548336,2,47,38,25,151,147,88,84,121,104,80,141
1342,548335,1,45,2,49,34,16,133,84,150,25,170,24
1343,548335,2,34,2,60,24,102,56,84,93,99,39,86
1344,548334,1,38,46,7,129,91,89,84,122,236,254,138
1345,548334,2,55,46,72,105,183,89,84,192,35,250,183
1346,548333,1,63,13,11,57,81,89,84,126,23,161,20
1347,548333,2,33,13,60,24,136,56,9,93,99,100,39
1348,548332,1,47,22,124,39,141,89,84,14,138,255,202
1349,548332,2,47,22,129,22,147,88,84,121,118,106,69
1350,548331,1,38,33,100,60,170,106,84,30,222,250,183
1351,548331,2,51,33,7,129,91,89,84,200,84,225,115
1352,548330,1,55,22,132,9,158,89,84,93,29,98,39
1353,548330,2,57,22,49,16,16,133,84,51,85,207,201
1354,548329,1,59,35,25,141,147,89,84,124,162,196,41
1355,548329,2,58,35,60,24,102,89,84,186,138,112,18
1356,548328,1,44,33,100,60,170,106,84,217,236,254,141
1357,548328,2,58,33,96,93,183,4,84,169,230,50,70
1358,548327,1,29,19,119,4,91,89,84,53,217,64,141
1359,548327,2,53,19,132,9,124,89,84,192,35,217,212
1360,548326,1,51,38,124,39,124,89,84,93,72,98,39
1361,548326,2,51,38,33,7,71,89,84,87,147,125,69
1362,548325,1,47,46,60,24,87,82,10,206,231,168,141
1363,548325,2,66,46,145,105,124,89,84,150,19,27,132
1364,548324,1,68,19,105,57,16,89,84,195,138,243,18
1365,548324,2,51,19,129,22,147,88,84,93,39,98,141
1366,548323,1,60,11,124,39,68,55,95,23,151,21,141
1367,548323,2,57,11,60,24,12,89,84,121,104,80,103
1368,548322,1,44,43,96,158,7,79,84,192,224,217,183
1369,548322,2,56,43,119,4,91,89,84,206,231,274,138
1370,548321,1,39,13,100,145,144,89,84,53,130,207,201
1371,548321,2,44,13,132,9,124,89,84,200,202,33,70
1372,548320,1,45,11,105,56,16,89,84,217,236,159,216
1373,548320,2,55,11,145,105,7,89,84,93,99,37,86
1374,548319,1,60,33,119,140,124,89,84,134,138,18,202
1375,548319,2,66,33,25,141,147,89,84,30,222,222,212
1376,548318,1,46,22,100,47,170,106,84,98,104,80,140
1377,548318,2,57,22,124,39,68,89,84,169,230,76,70
1378,548317,1,29,46,60,24,12,78,27,53,130,173,141
1379,548317,2,33,46,13,41,158,134,41,23,151,21,141
1380,548316,1,47,13,119,73,164,77,120,53,130,242,141
1381,548316,2,33,13,132,136,55,12,78,30,222,222,141
1382,548315,1,46,19,129,125,30,88,53,93,99,100,141
1383,548315,2,51,19,11,114,172,89,84,14,138,190,202
1384,548314,1,45,9,150,129,124,89,84,195,138,18,202
1385,548314,2,67,9,25,141,122,89,84,30,120,222,141
1386,548313,1,42,43,128,129,91,89,84,53,130,242,141
1387,548313,2,35,43,132,41,158,89,84,30,222,173,141
1388,548312,1,33,38,145,105,112,4,84,53,85,173,141
1389,548312,2,16,38,132,9,158,89,84,217,169,159,141
1390,548311,1,54,9,29,61,124,89,84,114,177,142,202
1391,548311,2,47,9,25,100,147,89,84,30,224,247,183
1392,548310,1,45,19,100,129,170,19,84,163,147,106,69
1393,548310,2,46,19,108,110,154,52,84,200,89,121,141
1394,548309,1,32,38,60,83,32,89,84,58,113,98,39
1395,548309,2,64,38,11,57,124,89,84,182,162,167,141
1396,548308,1,43,46,100,129,170,89,84,53,217,83,141
1397,548308,2,58,46,132,9,158,89,84,73,23,121,141
1398,548307,1,53,11,25,141,147,88,84,129,57,74,20
1399,548307,2,51,11,60,24,102,124,84,114,131,18,141
1400,548306,1,52,22,101,118,124,89,84,206,169,168,141
1401,548306,2,60,22,96,93,183,89,84,121,212,106,69
1402,501271,1,35,22,11,57,172,89,84,30,222,217,183
1403,501271,2,69,22,29,61,124,89,84,58,113,98,39
1404,501270,1,62,22,108,110,154,89,84,150,159,74,20
1405,501270,2,38,22,60,24,124,89,84,121,212,106,141
1406,501269,1,36,46,92,22,147,89,84,94,202,48,70
1407,501269,2,45,46,100,129,170,89,84,114,131,190,18
1408,501268,1,59,46,55,29,124,89,84,122,236,274,138
1409,501268,2,30,46,96,138,183,4,76,30,158,247,141
1410,501267,1,29,11,13,144,158,58,78,58,99,39,141
1411,501267,2,45,11,11,148,71,103,109,53,217,158,141
1412,501266,1,54,19,60,83,159,124,84,94,50,33,186
1413,501266,2,49,19,100,145,149,89,84,150,213,167,66
1414,501264,1,48,15,145,105,124,89,84,93,72,98,141
1415,501264,2,55,15,11,57,124,89,84,206,169,168,141
1416,501263,1,40,46,101,118,154,89,84,53,217,161,141
1417,501263,2,34,46,132,9,158,58,78,90,212,80,141
1418,501262,1,36,7,100,129,170,89,84,30,158,222,141
1419,501262,2,62,7,29,61,124,89,84,169,23,48,99
1420,501261,1,53,22,96,158,124,89,84,114,177,243,116
1421,501261,2,59,22,25,141,147,89,84,201,169,274,141
1422,501260,1,54,15,132,41,124,89,84,129,182,240,20
1423,501260,2,46,15,60,24,102,124,84,53,85,232,141
1424,501259,1,30,7,108,110,154,45,84,30,222,166,141
1425,501259,2,39,7,29,61,185,77,84,90,104,209,25
1426,501258,1,40,16,96,158,7,89,84,73,50,121,141
1427,501258,2,53,16,100,129,170,89,84,201,169,274,141
1428,501257,1,28,15,11,142,71,89,84,146,138,243,141
1429,501257,2,65,15,25,141,124,89,84,58,113,98,141
1430,501256,1,27,46,29,61,185,89,84,23,162,167,141
1431,501256,2,38,46,60,24,102,89,84,30,222,217,136
1432,501255,1,29,19,25,141,147,88,53,53,85,207,141
1433,501255,2,40,19,132,41,158,12,84,146,138,243,141
1434,501254,1,50,16,60,24,124,89,84,90,104,26,141
1435,501254,2,50,16,101,134,154,89,84,23,159,74,141
1436,501253,1,54,22,11,57,172,127,94,53,148,242,141
1437,501253,2,24,22,132,136,55,12,59,58,100,98,141
1438,501252,1,41,38,54,125,175,89,84,73,50,121,24
1439,501252,2,57,38,100,129,170,106,84,114,131,18,141
1440,501251,1,57,33,108,110,124,89,84,93,72,98,86
1441,501251,2,59,33,11,57,124,89,84,90,24,209,92
1442,501250,1,60,35,60,24,124,89,84,206,169,168,141
1443,501250,2,63,35,96,158,7,89,84,182,159,196,119
1444,501249,1,49,38,25,141,122,89,84,53,217,158,166
1445,501249,2,44,38,132,41,158,12,84,114,81,18,202
1446,501248,1,51,33,100,129,28,130,84,30,120,247,141
1447,501248,2,40,33,29,61,124,89,84,73,114,48,141
1448,501247,1,45,19,96,158,7,89,84,90,212,106,141
1449,501247,2,67,19,101,118,124,89,84,206,169,168,235
1450,501246,1,39,46,60,24,102,89,84,58,100,98,141
1451,501246,2,54,46,105,57,172,89,84,27,162,173,141
1452,501245,1,41,11,132,41,124,89,84,30,120,247,141
1453,501245,2,68,11,29,61,91,89,84,53,217,90,141
1454,501244,1,57,19,108,110,124,89,84,73,114,48,107
1455,501244,2,48,19,100,129,124,89,84,69,190,238,83
1456,501243,1,42,35,96,158,9,89,84,68,218,151,141
1457,501243,2,37,35,25,141,175,110,83,60,169,168,141
1458,501242,1,46,27,101,118,154,89,84,190,72,221,85
1459,501242,2,60,27,11,148,167,89,84,69,118,238,167
1460,501241,1,50,7,60,24,102,23,84,73,202,121,141
1461,501241,2,60,7,100,129,170,89,84,129,213,74,73
1462,501240,1,61,22,25,141,175,88,84,30,203,127,209
1463,501240,2,72,22,29,61,124,89,84,68,244,190,202
1464,501239,1,49,35,96,158,7,89,84,53,217,173,141
1465,501239,2,32,35,132,41,158,12,59,60,169,258,141
1466,501238,1,52,13,11,142,124,89,84,73,114,25,141
1467,501238,2,59,13,100,129,124,89,84,190,72,100,182
1468,501237,1,54,46,29,61,109,89,84,53,85,173,141
1469,501237,2,49,46,132,41,158,89,84,30,120,250,209
1470,501236,1,70,22,96,158,7,89,84,23,159,173,141
1471,501236,2,68,22,60,24,102,89,84,201,236,178,235
1472,501235,1,32,38,25,100,175,54,84,210,170,98,141
1473,501235,2,55,38,11,148,167,89,84,45,138,18,203
1474,501234,1,45,11,108,110,53,89,84,53,85,173,141
1475,501234,2,40,11,71,144,158,12,59,181,118,80,92
1476,501233,1,51,27,29,73,109,89,84,210,170,221,86
1477,501233,2,60,27,11,77,124,89,84,30,224,217,104
1478,501232,1,59,19,100,129,170,89,84,206,243,274,146
1479,501232,2,64,19,96,158,7,89,84,73,23,224,99
1480,501231,1,50,38,138,22,124,89,84,34,118,238,92
1481,501231,2,41,38,101,118,53,116,84,172,218,79,141
1482,501230,1,77,13,29,166,124,89,84,27,162,167,159
1483,501230,2,44,13,60,24,102,89,84,99,35,247,177
1484,501229,1,62,27,145,1,114,43,40,210,200,199,86
1485,501229,2,41,27,135,77,124,89,84,206,169,120,235
1486,501228,1,27,7,39,144,158,89,84,200,95,48,24
1487,501228,2,59,7,100,145,149,106,84,53,85,173,141
1488,501227,1,44,13,108,110,154,89,84,30,120,166,177
1489,501227,2,59,13,150,87,109,62,84,34,212,106,141
1490,501226,1,41,22,27,70,102,87,84,172,81,243,141
1491,501226,2,62,22,138,22,124,89,84,129,31,196,20
1492,501225,1,30,38,11,77,172,76,102,200,89,25,141
1493,501225,2,46,38,100,129,144,130,84,93,238,179,76
1494,501224,1,52,35,150,87,109,89,84,206,169,274,141
1495,501224,2,49,35,96,158,7,125,39,30,120,217,141
1496,501223,1,42,13,39,144,158,89,84,72,159,240,159
1497,501223,2,68,13,60,24,124,89,84,53,85,60,141
1498,501222,1,49,11,138,22,124,89,84,121,118,238,92
1499,501222,2,46,11,101,118,124,89,84,172,81,18,202
1500,501221,1,32,46,39,144,158,70,84,181,118,209,83
1501,501221,2,44,46,108,132,135,45,84,53,85,173,141
1502,501220,1,54,33,150,87,109,89,84,200,89,25,141
1503,501220,2,55,33,100,129,124,89,84,30,158,127,177
1504,501219,1,41,11,100,129,28,130,84,53,217,83,141
1505,501219,2,42,11,39,144,124,89,84,200,89,25,141
1506,501218,1,45,46,101,118,154,45,84,53,217,83,141
1507,501218,2,53,46,39,144,158,89,84,121,118,238,92
1508,501216,1,51,13,108,110,154,131,84,53,213,140,153
1509,501216,2,37,13,71,144,55,12,84,200,106,106,141
1510,501215,1,23,27,100,129,162,130,98,189,159,51,141
1511,501215,2,35,27,60,83,87,87,38,5,151,121,159
1512,501214,1,17,11,138,114,122,138,54,41,160,178,141
1513,501214,2,44,11,28,6,124,89,84,144,138,56,141
1514,501213,1,48,7,108,110,154,45,84,192,107,225,141
1515,501213,2,56,7,29,166,124,89,84,58,168,108,167
1516,501212,1,54,35,152,142,172,89,84,53,213,140,141
1517,501212,2,53,35,71,144,124,89,84,83,99,221,217
1518,501211,1,36,22,138,100,139,54,84,204,6,121,24
1519,501211,2,36,22,11,145,149,106,84,144,138,129,141
1520,501210,1,47,46,60,98,32,89,84,192,120,109,141
1521,501210,2,52,46,29,61,124,89,84,129,31,146,141
1522,501209,1,54,38,56,28,124,89,84,200,104,125,93
1523,501209,2,45,38,101,54,154,89,84,41,74,269,138
1524,501208,1,51,35,100,129,170,106,77,210,99,136,20
1525,501208,2,41,35,152,57,167,89,84,94,6,196,70
1526,501207,1,52,7,105,151,122,89,84,53,213,242,141
1527,501207,2,54,7,132,41,19,89,84,144,225,173,141
1528,501206,1,30,33,56,28,183,4,84,192,107,253,141
1529,501206,2,58,33,29,166,109,89,84,41,243,178,138
1530,501205,1,41,19,101,132,141,45,84,189,159,218,98
1531,501205,2,41,19,60,83,87,87,84,200,106,125,92
1532,501204,1,42,38,138,141,122,89,84,82,25,100,217
1533,501204,2,39,38,49,142,172,110,84,186,175,251,141
1534,501203,1,40,11,56,28,183,89,84,57,182,6,99
1535,501203,2,53,11,100,129,16,89,84,41,160,269,75
1536,501202,1,53,7,60,83,32,89,84,53,213,242,113
1537,501202,2,57,7,106,41,124,89,84,85,159,51,178
1538,501201,1,26,13,29,61,109,89,84,82,200,136,86
1539,501201,2,36,13,19,57,167,110,118,192,120,253,141
1540,501200,1,59,27,101,118,154,89,84,172,225,187,202
1541,501200,2,33,27,138,141,84,88,84,200,106,106,167
1542,501199,1,39,35,127,41,169,89,84,204,114,25,6
1543,501199,2,41,35,100,7,149,130,84,53,213,242,141
1544,501198,1,50,22,60,83,124,89,84,206,74,178,141
1545,501198,2,40,22,28,6,79,146,4,189,159,218,141
1546,419165,1,57,7,101,118,154,89,84,23,200,98,110
1547,419165,2,31,7,152,142,71,133,72,200,104,108,141
1548,419164,1,48,7,138,114,124,89,84,192,45,253,141
1549,419164,2,58,7,55,73,124,89,84,144,225,56,18
1550,419163,1,46,7,60,83,124,89,84,53,213,242,141
1551,419163,2,60,7,132,41,124,89,84,189,159,85,49
1552,419162,1,38,7,49,142,172,110,72,74,243,178,235
1553,419162,2,50,7,28,6,183,89,84,82,100,221,217
1554,419161,1,57,11,100,129,124,89,84,144,225,56,202
1555,419161,2,59,11,138,141,122,89,84,94,6,196,134
1556,419160,1,42,13,29,61,109,89,84,53,213,242,141
1557,419160,2,36,13,39,144,19,58,84,30,120,253,141
1558,419159,1,43,15,108,110,154,45,56,67,159,32,141
1559,419159,2,51,15,60,83,32,89,84,200,118,106,144
1560,419158,1,47,11,115,16,172,89,84,192,107,262,141
1561,419158,2,58,11,29,90,74,148,84,82,25,136,39
1562,419157,1,63,19,100,129,124,89,84,74,243,178,235
1563,419157,2,43,19,28,6,183,4,84,94,6,196,24
1564,419156,1,54,15,138,100,139,54,36,67,159,32,141
1565,419156,2,36,15,60,98,124,89,84,144,138,56,141
1566,419155,1,24,22,106,9,55,86,79,200,104,125,141
1567,419155,2,52,22,101,54,124,89,84,53,110,90,141
1568,419154,1,52,38,115,16,172,89,84,214,50,87,146
1569,419154,2,47,38,28,6,183,89,84,82,200,136,86
1570,419153,1,25,22,105,151,122,36,84,129,31,51,141
1571,419153,2,47,22,60,83,124,89,84,144,138,129,141
1572,419152,1,77,3,29,166,124,89,84,5,114,196,24
1573,419152,2,54,3,11,129,114,125,84,192,203,109,141
1574,419151,1,36,45,28,6,183,89,84,53,213,242,141
1575,419151,2,26,45,132,41,19,86,84,41,169,87,231
1576,419150,1,33,38,105,151,122,54,84,200,168,106,103
1577,419150,2,51,38,108,110,124,89,84,43,175,151,18
1578,419149,1,60,13,60,83,124,89,84,83,25,98,141
1579,419149,2,69,13,49,142,172,89,84,189,159,218,88
1580,419148,1,44,19,127,41,169,12,84,192,120,225,141
1581,419148,2,40,19,29,61,109,62,84,53,213,173,141
1582,419147,1,46,45,100,7,149,130,84,200,106,106,103
1583,419147,2,44,45,108,110,124,89,84,94,6,25,159
1584,419146,1,55,33,138,100,139,89,84,82,238,221,39
1585,419146,2,41,33,115,16,172,127,90,144,225,56,141
1586,419145,1,57,19,9,28,183,89,84,67,159,32,178
1587,419145,2,56,19,60,83,124,89,84,41,169,274,75
1588,419144,1,38,11,29,61,124,89,84,73,114,6,134
1589,419144,2,34,11,100,145,149,89,84,30,120,253,141
1590,419143,1,43,38,127,41,169,12,84,82,25,136,39
1591,419143,2,31,38,19,125,167,133,45,53,110,173,141
1592,419142,1,53,22,28,6,124,89,84,30,222,253,135
1593,419142,2,48,22,29,61,109,89,84,60,236,178,141
1594,419141,1,22,45,100,129,170,106,84,200,118,96,141
1595,419141,2,38,45,47,110,124,89,84,150,114,6,134
1596,419140,1,48,13,138,100,124,89,84,53,213,140,129
1597,419140,2,44,13,132,115,124,89,84,144,121,243,116
1598,419139,1,53,11,60,98,32,89,84,82,238,136,141
1599,419139,2,66,11,115,16,172,89,84,27,159,146,49
1600,419138,1,48,3,108,132,135,45,84,192,228,222,141
1601,419138,2,56,3,29,61,109,89,84,200,106,125,92
1602,419137,1,36,22,100,129,124,89,84,53,213,113,141
1603,419137,2,34,22,71,144,55,89,84,94,23,6,34
1604,419136,1,47,33,9,28,124,89,84,144,138,18,141
1605,419136,2,43,33,139,151,122,89,84,41,169,168,231
1606,419135,1,59,11,47,110,154,89,84,82,25,136,141
1607,419135,2,55,11,115,142,25,133,84,200,106,106,103
1608,419134,1,58,13,29,61,124,89,84,189,162,167,141
1609,419134,2,45,13,60,83,128,87,84,192,120,253,141
1610,419133,1,47,22,100,7,149,130,84,82,100,136,39
1611,419133,2,50,22,19,57,167,133,84,94,235,6,159
1612,419132,1,46,3,28,6,183,89,84,53,161,240,129
1613,419132,2,48,3,106,41,124,89,84,214,50,168,235
1614,419131,1,40,13,29,61,109,89,84,186,175,251,141
1615,419131,2,52,13,138,141,122,54,84,30,120,253,141
1616,419130,1,53,7,100,129,170,89,84,67,159,32,88
1617,419130,2,57,7,60,83,32,87,38,57,114,25,220
1618,419129,1,59,36,28,6,124,89,84,200,106,209,92
1619,419129,2,35,36,108,110,154,45,84,74,243,178,141
1620,419128,1,63,19,101,118,154,89,84,57,182,121,24
1621,419128,2,32,19,100,7,170,113,77,200,104,125,144
1622,419127,1,32,33,145,28,12,4,84,192,107,253,141
1623,419127,2,48,33,29,140,109,62,84,130,169,269,141
1624,419126,1,65,36,82,129,124,89,84,192,107,225,141
1625,419126,2,49,36,99,29,109,62,48,150,114,6,134
1626,419125,1,41,4,82,7,149,130,98,200,104,96,144
1627,419125,2,61,4,108,110,154,89,84,150,114,6,134
1628,419124,1,41,33,108,22,154,89,84,130,117,274,141
1629,419124,2,46,33,151,158,143,42,84,200,104,147,103
1630,419123,1,33,19,106,41,112,121,84,46,32,196,217
1631,419123,2,65,19,100,129,124,89,84,53,213,242,141
1632,419122,1,50,3,88,151,124,89,84,30,222,253,136
1633,419122,2,35,3,150,29,109,50,84,70,138,250,151
1634,419121,1,46,22,60,83,32,89,84,39,164,48,141
1635,419121,2,59,22,19,148,101,47,84,129,98,32,171
1636,419120,1,42,2,108,110,154,89,84,70,57,250,151
1637,419120,2,45,2,88,151,124,89,84,200,135,106,103
1638,419119,1,47,3,145,28,173,89,84,30,107,225,215
1639,419119,2,50,3,150,29,109,89,84,130,117,269,141
1640,419118,1,36,36,100,129,16,106,77,39,100,48,141
1641,419118,2,26,36,49,82,172,23,101,46,32,121,141
1642,419117,1,26,2,60,83,32,28,82,53,213,242,141
1643,419117,2,32,2,106,41,112,89,84,129,98,32,171
1644,419116,1,53,13,101,118,124,89,84,30,120,170,27
1645,419116,2,57,13,29,61,124,89,84,200,104,19,103
1646,419115,1,45,19,145,28,143,42,84,70,57,250,151
1647,419115,2,57,19,88,151,139,89,84,130,117,274,231
1648,419114,1,59,13,60,83,124,89,84,46,132,196,99
1649,419114,2,62,13,100,129,167,89,84,27,159,116,84
1650,419113,1,46,11,106,41,112,89,84,83,47,171,47
1651,419113,2,45,11,49,82,172,114,84,53,213,173,141
1652,419112,1,55,19,108,110,154,89,84,126,182,121,3
1653,419112,2,39,19,100,129,167,89,84,200,96,106,103
1654,419111,1,32,36,60,83,32,89,84,24,35,127,183
1655,419111,2,50,36,29,61,124,89,84,129,75,32,125
1656,419110,1,54,22,106,41,124,89,84,47,175,243,123
1657,419110,2,45,22,88,151,139,36,108,53,213,140,141
1658,419109,1,32,11,49,82,172,23,101,130,117,134,141
1659,419109,2,59,11,145,28,124,89,84,167,47,48,140
1660,419108,1,21,33,101,118,68,89,84,118,61,167,141
1661,419108,2,45,33,60,83,124,89,84,200,118,106,167
1662,419107,1,25,3,88,151,124,89,84,83,47,171,47
1663,419107,2,50,3,49,168,172,114,84,195,175,56,202
1664,419106,1,51,7,106,41,124,89,84,130,117,274,146
1665,419106,2,65,7,145,28,190,42,84,53,213,242,141
1666,392239,1,51,28,100,129,124,89,84,99,27,222,80
1667,392239,2,56,28,29,61,91,149,84,94,182,163,24
1668,392238,1,37,28,60,83,124,89,84,195,175,243,141
1669,392238,2,42,28,138,100,139,126,36,118,159,32,141
1670,392237,1,36,44,145,28,60,105,84,73,114,33,141
1671,392237,2,43,44,100,129,167,106,84,57,160,122,141
1672,392236,1,39,44,29,61,109,89,84,53,213,173,141
1673,392236,2,50,44,106,41,124,89,84,192,120,222,141
1674,392235,1,47,44,49,168,124,89,84,200,104,96,144
1675,392235,2,49,44,108,110,124,89,84,39,100,171,47
1676,392234,1,45,18,88,151,139,89,84,73,114,25,34
1677,392234,2,67,18,100,129,124,89,84,195,57,151,202
1678,392233,1,49,18,60,104,32,89,84,57,160,122,141
1679,392233,2,36,18,145,28,143,89,84,159,159,218,141
1680,392232,1,49,28,106,93,55,89,84,200,72,106,141
1681,392232,2,58,28,101,118,124,89,84,53,213,140,141
1682,392231,1,42,44,49,168,172,89,84,30,222,217,104
1683,392231,2,57,44,79,61,124,89,84,106,164,46,47
1684,392230,1,39,30,95,83,32,30,84,73,153,121,34
1685,392230,2,63,30,100,129,124,89,84,159,159,218,49
1686,392229,1,41,28,145,28,90,89,84,47,138,142,202
1687,392229,2,56,28,138,161,124,89,84,130,117,193,235
1688,392228,1,83,28,108,54,63,89,84,128,201,109,223
1689,392228,2,70,28,53,10,109,89,84,200,104,190,144
1690,392227,1,44,42,106,41,124,89,84,25,47,171,141
1691,392227,2,81,42,36,168,172,89,84,182,110,242,141
1692,392226,1,55,30,145,28,124,89,84,18,159,32,178
1693,392226,2,49,30,60,83,124,89,84,130,77,248,70
1694,392225,1,41,18,53,166,91,89,84,53,110,242,141
1695,392225,2,47,18,106,41,124,89,84,192,35,109,177
1696,392224,1,39,18,130,129,170,89,84,172,231,142,53
1697,392224,2,44,18,138,161,139,88,84,5,23,196,118
1698,392223,1,41,18,36,168,172,114,84,200,96,106,144
1699,392223,2,56,18,108,54,154,44,84,133,47,221,100
1700,392222,1,30,44,106,41,112,110,84,129,87,32,141
1701,392222,2,51,44,60,83,161,69,84,53,110,242,141
1702,392221,1,50,44,53,10,91,89,84,130,77,248,141
1703,392221,2,37,44,145,28,52,60,84,30,107,222,141
1704,392220,1,56,6,108,110,124,89,84,134,57,243,116
1705,392220,2,63,6,138,161,139,89,84,200,17,106,103
1706,392219,1,36,28,100,129,170,106,84,133,149,46,110
1707,392219,2,21,28,68,168,40,133,72,28,6,196,99
1708,392218,1,50,42,138,161,139,36,84,53,213,113,201
1709,392218,2,52,42,106,41,124,89,84,114,131,56,202
1710,392217,1,38,6,60,98,32,89,84,98,230,106,144
1711,392217,2,30,6,108,110,154,131,84,18,159,32,178
1712,392216,1,49,6,36,168,172,89,84,192,35,109,183
1713,392216,2,63,6,53,166,91,89,84,83,50,171,130
1714,392215,1,55,5,100,129,124,89,84,67,160,75,141
1715,392215,2,29,5,145,28,90,4,84,5,32,25,99
1716,392214,1,48,44,147,151,139,89,84,61,159,32,145
1717,392214,2,46,44,60,83,124,89,84,201,225,56,202
1718,392213,1,56,44,36,168,124,89,84,66,160,76,70
1719,392213,2,54,44,145,28,90,89,84,41,127,46,140
1720,392212,1,24,44,106,41,112,12,104,200,17,173,141
1721,392212,2,41,44,101,12,154,45,115,53,110,242,141
1722,392211,1,32,18,29,73,189,77,84,5,32,25,99
1723,392211,2,39,18,100,129,170,89,84,99,35,109,177
1724,392210,1,34,18,138,161,124,89,84,83,50,46,141
1725,392210,2,17,18,152,148,150,66,17,194,225,243,116
1726,392209,1,29,5,60,83,32,7,84,192,35,109,141
1727,392209,2,20,5,29,73,189,77,84,129,31,177,141
1728,392208,1,48,28,145,28,90,89,84,200,104,19,103
1729,392208,2,56,28,108,110,124,89,84,96,160,70,70
1730,392207,1,35,42,53,166,91,96,84,201,225,56,141
1731,392207,2,36,42,138,161,139,89,84,30,107,260,141
1732,392206,1,48,28,106,41,147,79,84,5,32,25,99
1733,392206,2,51,28,100,129,170,106,84,53,110,173,141
1734,392205,1,57,42,36,168,172,89,84,129,91,61,33
1735,392205,2,49,42,60,83,124,89,84,133,47,136,47
1736,392204,1,35,18,108,110,154,89,84,5,32,196,99
1737,392204,2,46,18,100,129,167,106,112,200,96,125,92
1738,392203,1,55,5,145,28,124,89,84,53,110,242,141
1739,392203,2,59,5,106,41,124,89,84,130,169,193,70
1740,392202,1,51,44,100,129,170,10,84,53,110,242,141
1741,392202,2,59,44,106,41,147,89,84,5,32,121,24
1742,392201,1,53,44,28,158,90,89,84,194,225,56,116
1743,392201,2,48,44,138,161,139,89,84,130,77,82,141
1744,392200,1,38,18,100,129,114,89,84,194,131,243,53
1745,392200,2,51,18,138,161,124,89,84,5,182,33,24
1746,392199,1,50,18,106,41,124,89,84,194,225,142,53
1747,392199,2,55,18,138,161,124,89,84,53,110,242,141
1748,392198,1,35,44,106,125,48,12,84,206,225,56,141
1749,392198,2,43,44,11,161,124,89,84,204,17,158,141
1750,392197,1,53,42,108,54,124,89,84,185,120,25,106
1751,392197,2,46,42,100,153,120,106,67,57,104,44,119
1752,392196,1,41,18,39,13,124,89,84,192,31,181,141
1753,392196,2,63,18,73,129,124,89,84,51,160,248,141
1754,392195,1,32,29,60,39,135,77,29,129,238,142,141
1755,392195,2,44,29,138,160,118,44,84,148,32,169,178
1756,392194,1,58,42,49,168,124,89,84,30,186,260,231
1757,392194,2,14,42,63,10,139,87,11,200,138,173,141
1758,392192,1,44,18,11,161,170,88,107,51,160,28,141
1759,392192,2,36,18,39,13,183,120,31,206,231,18,141
1760,392191,1,73,18,115,115,112,89,84,28,179,21,103
1761,392191,2,55,18,60,110,124,89,84,132,235,60,141
1762,392190,1,62,29,73,129,131,66,92,206,231,251,53
1763,392190,2,51,29,11,161,170,134,84,27,114,181,141
1764,392189,1,48,18,49,168,39,89,84,87,70,44,119
1765,392189,2,50,18,47,118,21,143,84,200,138,178,159
1766,392188,1,44,29,84,151,185,89,84,133,217,127,24
1767,392188,2,43,29,100,153,120,106,67,129,82,142,141
1768,392186,1,72,18,73,107,149,66,84,132,52,60,141
1769,392186,2,27,18,115,115,19,79,93,209,114,32,141
1770,392185,1,32,42,60,110,53,77,29,30,243,203,141
1771,392185,2,40,42,14,73,139,7,84,89,118,33,20
1772,392184,1,35,29,49,168,39,89,84,130,64,28,141
1773,392184,2,48,29,39,13,124,89,84,200,138,196,141
1774,392183,1,35,29,108,54,38,89,84,206,197,187,141
1775,392183,2,35,29,11,161,170,89,84,37,70,106,219
1776,392182,1,52,29,100,29,124,89,84,89,113,33,178
1777,392182,2,48,29,60,110,124,89,84,133,133,242,6
1778,392181,1,43,29,73,129,74,66,84,129,82,142,177
1779,392181,2,53,29,84,151,24,89,84,209,31,121,141
1780,336040,1,41,7,115,115,112,12,84,30,135,269,215
1781,336040,2,37,7,14,73,124,89,84,132,139,51,141
1782,336039,1,49,46,47,118,124,89,84,51,160,193,28
1783,336039,2,30,46,39,13,124,89,84,37,100,106,119
1784,336038,1,68,46,100,29,124,89,84,206,197,187,53
1785,336038,2,43,46,11,161,170,88,84,133,217,127,141
1786,336037,1,44,35,49,28,172,89,84,148,107,218,34
1787,336037,2,31,35,60,66,75,99,29,200,138,196,141
1788,336036,1,51,38,84,151,24,44,84,30,135,269,215
1789,336036,2,42,38,14,73,124,89,84,129,82,142,141
1790,336035,1,35,11,106,125,112,89,84,130,110,28,141
1791,336035,2,42,11,39,13,183,42,84,122,163,152,141
1792,336034,1,65,19,73,129,124,89,84,37,100,106,119
1793,336034,2,42,19,108,54,38,143,84,209,114,32,141
1794,336033,1,42,22,84,151,185,44,84,85,138,131,235
1795,336033,2,65,22,49,28,136,133,84,129,249,217,116
1796,336032,1,38,13,147,6,170,126,83,30,135,253,141
1797,336032,2,46,13,14,114,91,7,84,206,175,18,141
1798,336031,1,57,33,60,110,109,89,84,205,100,146,92
1799,336031,2,57,33,47,118,38,116,84,89,179,33,178
1800,336029,1,40,22,39,13,183,42,84,133,217,127,24
1801,336029,2,57,22,100,29,115,89,84,67,160,113,210
1802,336028,1,48,46,119,104,74,66,84,30,135,253,141
1803,336028,2,39,46,14,73,139,89,84,209,114,32,141
1804,336027,1,39,11,106,125,112,12,84,129,249,26,141
1805,336027,2,37,11,150,151,185,1,27,132,139,51,141
1806,336026,1,60,19,49,28,124,89,84,206,225,56,151
1807,336026,2,57,19,9,145,124,89,84,200,138,180,159
1808,336025,1,47,11,16,158,55,42,113,148,32,125,141
1809,336025,2,44,11,101,70,109,55,84,130,78,113,210
1810,336024,1,47,35,73,129,74,66,47,185,120,145,140
1811,336024,2,81,35,100,29,124,89,84,209,114,32,145
1812,336023,1,42,38,108,27,68,116,127,132,148,152,141
1813,336023,2,46,38,106,89,147,12,84,57,104,214,86
1814,336022,1,44,13,49,28,124,89,84,99,217,145,140
1815,336022,2,55,13,100,29,161,106,84,200,138,180,159
1816,336021,1,47,46,150,151,63,89,84,206,231,251,202
1817,336021,2,34,46,136,145,166,88,96,129,249,26,116
1818,336020,1,31,13,39,13,183,42,114,30,135,253,141
1819,336020,2,56,13,14,73,124,89,84,130,110,82,141
1820,336019,1,32,33,101,70,109,89,84,57,83,106,171
1821,336019,2,43,33,47,118,124,89,84,131,179,109,103
1822,336018,1,37,46,73,129,131,89,84,132,139,158,141
1823,336018,2,32,46,106,125,108,114,84,94,222,197,33
1824,336017,1,43,11,49,28,136,31,118,193,160,113,156
1825,336017,2,37,11,145,120,55,89,84,200,138,196,141
1826,336016,1,53,33,14,73,139,7,84,129,249,26,141
1827,336016,2,59,33,150,151,124,89,84,30,135,253,141
1828,336015,1,29,38,9,161,170,15,84,133,47,242,24
1829,336015,2,47,38,100,95,41,67,84,206,88,254,202
1830,336014,1,39,35,101,70,45,89,84,27,222,121,161
1831,336014,2,46,35,73,129,74,89,84,131,179,109,34
1832,336013,1,43,22,145,41,143,89,84,129,176,26,141
1833,336013,2,46,22,150,151,124,89,84,67,160,113,210
1834,336012,1,40,19,49,28,172,89,84,57,104,81,171
1835,336012,2,41,19,108,54,154,143,84,200,138,196,141
1836,336011,1,57,38,101,70,45,89,84,133,47,25,118
1837,336011,2,66,38,100,29,115,106,84,131,179,125,94
1838,336010,1,40,11,106,35,124,89,84,30,135,253,141
1839,336010,2,58,11,14,73,139,89,84,132,226,158,124
1840,336009,1,38,13,49,28,172,89,84,206,26,243,141
1841,336009,2,32,13,18,6,170,88,84,200,138,131,141
1842,336008,1,42,7,150,151,63,16,84,192,114,32,141
1843,336008,2,43,7,55,129,131,89,84,129,176,26,116
1844,336007,1,57,22,145,41,124,89,84,132,226,152,141
1845,336007,2,51,22,106,35,124,89,84,193,110,168,156
1846,336006,1,50,19,86,95,41,106,84,30,207,260,110
1847,336006,2,35,19,14,73,139,7,84,185,120,6,141
1848,336005,1,63,38,47,118,124,89,84,129,24,217,116
1849,336005,2,54,38,150,151,124,89,84,57,104,146,171
1850,336004,1,48,7,55,129,131,89,84,200,138,131,159
1851,336004,2,67,7,152,57,172,89,84,192,114,32,141
1852,336003,1,66,33,101,32,124,89,84,201,225,243,26
1853,336003,2,25,33,18,6,170,88,96,131,179,33,94
1854,336002,1,47,35,145,120,55,89,84,79,35,72,110
1855,336002,2,39,35,14,114,13,89,84,67,110,248,138
1856,336001,1,57,22,106,35,124,89,84,185,120,6,24
1857,336001,2,59,22,29,72,115,106,84,132,226,152,141
1858,336000,1,64,38,147,7,122,89,84,57,134,106,171
1859,336000,2,37,38,108,54,180,111,84,201,175,18,202
1860,335999,1,35,35,150,151,118,44,84,131,179,33,141
1861,335999,2,37,35,101,70,45,61,56,129,82,275,141
1862,335998,1,43,13,152,57,136,89,84,39,6,242,24
1863,335998,2,38,13,62,95,41,89,84,200,138,196,141
1864,335997,1,32,11,106,35,112,110,15,57,104,214,141
1865,335997,2,36,11,47,37,141,143,123,132,226,173,141
1866,335996,1,83,19,55,129,124,89,84,67,110,168,141
1867,335996,2,44,19,145,41,143,76,38,72,31,121,161
1868,335995,1,55,33,147,7,122,89,84,30,135,253,141
1869,335995,2,31,33,14,73,139,89,84,206,231,243,18
1870,335994,1,47,7,106,35,112,89,84,129,82,275,177
1871,335994,2,53,7,150,151,124,89,84,132,226,158,141
1872,335993,1,51,22,152,57,172,89,84,131,179,33,141
1873,335993,2,34,22,101,70,1,28,56,200,138,173,141
1874,335992,1,59,19,29,95,161,67,84,109,114,85,161
1875,335992,2,54,19,55,129,131,66,84,99,6,145,201
1876,335991,1,57,33,14,109,139,89,84,57,194,201,92
1877,335991,2,51,33,108,54,124,89,84,63,35,269,215
1878,335990,1,44,35,101,70,124,89,84,206,231,243,53
1879,335990,2,60,35,147,100,3,130,84,131,107,33,98
1880,335989,1,38,22,150,151,118,44,84,168,223,113,67
1881,335989,2,55,22,145,41,124,89,84,129,82,217,236
1882,335988,1,75,35,106,35,112,89,84,200,138,196,141
1883,335988,2,52,35,152,57,172,89,84,132,226,173,141
1884,335987,1,37,38,100,29,115,106,106,57,83,106,141
1885,335987,2,27,38,47,118,38,89,84,99,6,242,135
1886,335986,1,43,11,99,10,139,89,84,109,31,121,145
1887,335986,2,62,11,55,129,99,89,84,30,243,72,80
1888,335985,1,55,46,152,57,172,89,84,129,249,26,141
1889,335985,2,64,46,150,97,175,89,84,200,138,196,141
1890,335984,1,52,13,145,41,143,89,84,131,179,125,34
1891,335984,2,62,13,101,70,101,28,84,130,110,248,141
1892,335983,1,46,33,145,41,143,89,84,200,138,173,141
1893,335983,2,67,33,152,57,172,89,84,130,110,76,210
1894,335982,1,44,19,152,57,172,89,84,129,249,142,177
1895,335982,2,31,19,150,151,118,44,84,200,138,274,141
